"","Word"
"1","aalii"
"2","aalto"
"3","aaron"
"4","abaca"
"5","abaft"
"6","abamp"
"7","abase"
"8","abash"
"9","abate"
"10","abaya"
"11","abbey"
"12","abbot"
"13","abele"
"14","abhor"
"15","abide"
"16","abies"
"17","abila"
"18","abode"
"19","abohm"
"20","abort"
"21","about"
"22","above"
"23","abuja"
"24","abuse"
"25","abuzz"
"26","abyla"
"27","abysm"
"28","abyss"
"29","accho"
"30","accra"
"31","acerb"
"32","ackee"
"33","acned"
"34","acold"
"35","acorn"
"36","acres"
"37","acrid"
"38","acris"
"39","actin"
"40","actor"
"41","acute"
"42","adage"
"43","adams"
"44","adana"
"45","adapa"
"46","adapt"
"47","addax"
"48","adder"
"49","addle"
"50","adept"
"51","adieu"
"52","adige"
"53","adios"
"54","aditi"
"55","adman"
"56","admit"
"57","admix"
"58","adobe"
"59","adobo"
"60","adopt"
"61","adore"
"62","adorn"
"63","adult"
"64","adust"
"65","advil"
"66","aedes"
"67","aegir"
"68","aegis"
"69","aerie"
"70","aesir"
"71","aesop"
"72","affix"
"73","afire"
"74","afisr"
"75","afoot"
"76","afoul"
"77","afspc"
"78","after"
"79","again"
"80","agama"
"81","agape"
"82","agate"
"83","agave"
"84","agaze"
"85","agene"
"86","agent"
"87","aggro"
"88","aghan"
"89","agile"
"90","aging"
"91","agism"
"92","aglet"
"93","aglow"
"94","agone"
"95","agony"
"96","agora"
"97","agree"
"98","ahead"
"99","ahura"
"100","aided"
"101","aides"
"102","aiken"
"103","ailey"
"104","aioli"
"105","aired"
"106","aisle"
"107","ajaia"
"108","ajuga"
"109","akaba"
"110","akron"
"111","alamo"
"112","alarm"
"113","alary"
"114","alate"
"115","albee"
"116","album"
"117","alcea"
"118","alces"
"119","alder"
"120","aldol"
"121","aleph"
"122","alert"
"123","aleut"
"124","aleve"
"125","algae"
"126","algal"
"127","alger"
"128","algid"
"129","algin"
"130","algol"
"131","alias"
"132","alibi"
"133","alien"
"134","align"
"135","alike"
"136","aline"
"137","alive"
"138","alkyd"
"139","alkyl"
"140","allah"
"141","allay"
"142","allen"
"143","alley"
"144","allis"
"145","allot"
"146","allow"
"147","alloy"
"148","allyl"
"149","alnus"
"150","aloes"
"151","aloha"
"152","alone"
"153","along"
"154","aloof"
"155","alosa"
"156","alost"
"157","aloud"
"158","alpha"
"159","altar"
"160","alter"
"161","alula"
"162","amass"
"163","amati"
"164","amaze"
"165","amber"
"166","ambit"
"167","amble"
"168","ameba"
"169","ameer"
"170","amend"
"171","ament"
"172","amide"
"173","amigo"
"174","amine"
"175","amino"
"176","amish"
"177","amiss"
"178","amity"
"179","amman"
"180","amnic"
"181","amnio"
"182","amora"
"183","amort"
"184","amour"
"185","ample"
"186","amply"
"187","ampul"
"188","amuck"
"189","amusd"
"190","amuse"
"191","anasa"
"192","andes"
"193","anele"
"194","angas"
"195","angel"
"196","anger"
"197","angle"
"198","angry"
"199","angst"
"200","angus"
"201","anile"
"202","anima"
"203","anime"
"204","anion"
"205","anise"
"206","anjou"
"207","ankle"
"208","ankus"
"209","annam"
"210","annex"
"211","annoy"
"212","annul"
"213","annum"
"214","annwn"
"215","anode"
"216","anole"
"217","anomy"
"218","anon."
"219","anova"
"220","anser"
"221","antic"
"222","antsy"
"223","antum"
"224","anura"
"225","anvil"
"226","anzac"
"227","anzio"
"228","aorta"
"229","aotus"
"230","apace"
"231","apart"
"232","apery"
"233","aphid"
"234","aphis"
"235","apian"
"236","apios"
"237","apish"
"238","apium"
"239","apnea"
"240","appal"
"241","apple"
"242","apply"
"243","appro"
"244","april"
"245","apron"
"246","apsis"
"247","aptly"
"248","aqaba"
"249","arame"
"250","arava"
"251","arawn"
"252","arbor"
"253","arced"
"254","arcus"
"255","ardea"
"256","ardeb"
"257","ardor"
"258","areal"
"259","areca"
"260","arena"
"261","arere"
"262","arete"
"263","argal"
"264","argil"
"265","argon"
"266","argos"
"267","argot"
"268","argue"
"269","argun"
"270","argus"
"271","arhat"
"272","arhus"
"273","aries"
"274","arise"
"275","arity"
"276","arius"
"277","arles"
"278","armed"
"279","armet"
"280","armin"
"281","armor"
"282","aroid"
"283","aroma"
"284","arras"
"285","array"
"286","arrow"
"287","arson"
"288","artsd"
"289","aruba"
"290","arulo"
"291","aruru"
"292","aryan"
"293","asala"
"294","asama"
"295","asana"
"296","asarh"
"297","ascii"
"298","ascot"
"299","ascus"
"300","asdic"
"301","asean"
"302","ashen"
"303","ashir"
"304","ashur"
"305","asian"
"306","aside"
"307","asker"
"308","askew"
"309","aspen"
"310","asper"
"311","aspic"
"312","aspis"
"313","assam"
"314","assay"
"315","asset"
"316","assur"
"317","aster"
"318","astir"
"319","astor"
"320","asura"
"321","aswan"
"322","ataxy"
"323","athar"
"324","athos"
"325","atilt"
"326","atlas"
"327","atole"
"328","atoll"
"329","atone"
"330","atony"
"331","atopy"
"332","atrip"
"333","attar"
"334","attic"
"335","audad"
"336","auden"
"337","audio"
"338","audit"
"339","auger"
"340","aught"
"341","augur"
"342","aunty"
"343","aural"
"344","auric"
"345","auxin"
"346","avahi"
"347","avail"
"348","avena"
"349","avens"
"350","avert"
"351","avian"
"352","avoid"
"353","await"
"354","awake"
"355","award"
"356","aware"
"357","awash"
"358","awful"
"359","awing"
"360","awned"
"361","axial"
"362","axile"
"363","axiom"
"364","axone"
"365","azeri"
"366","azide"
"367","azido"
"368","azoic"
"369","azote"
"370","aztec"
"371","azure"
"372","babar"
"373","babel"
"374","babka"
"375","baboo"
"376","bacca"
"377","baccy"
"378","bacon"
"379","badge"
"380","badly"
"381","baeda"
"382","bagel"
"383","baggy"
"384","bahai"
"385","bairn"
"386","baisa"
"387","baiza"
"388","baize"
"389","baked"
"390","baker"
"391","balas"
"392","baldr"
"393","baldy"
"394","balky"
"395","bally"
"396","balmy"
"397","balsa"
"398","banal"
"399","bandy"
"400","banff"
"401","banjo"
"402","banks"
"403","banns"
"404","bantu"
"405","barbu"
"406","barde"
"407","bared"
"408","barge"
"409","baric"
"410","barky"
"411","barmy"
"412","baron"
"413","barth"
"414","barye"
"415","basal"
"416","based"
"417","basel"
"418","basia"
"419","basic"
"420","basil"
"421","basin"
"422","basis"
"423","basle"
"424","basra"
"425","basso"
"426","baste"
"427","batch"
"428","bated"
"429","bathe"
"430","batik"
"431","batis"
"432","batna"
"433","baton"
"434","batty"
"435","baulk"
"436","bawdy"
"437","bayat"
"438","bayer"
"439","bayes"
"440","bayou"
"441","bazar"
"442","beach"
"443","beads"
"444","beady"
"445","beamy"
"446","beano"
"447","beany"
"448","beard"
"449","beast"
"450","beats"
"451","beaut"
"452","bebop"
"453","bedew"
"454","bedim"
"455","beech"
"456","beefy"
"457","beery"
"458","befit"
"459","befog"
"460","beget"
"461","begin"
"462","begum"
"463","beige"
"464","being"
"465","beira"
"466","belau"
"467","belay"
"468","belch"
"469","belem"
"470","belie"
"471","belle"
"472","belly"
"473","below"
"474","bench"
"475","bends"
"476","benet"
"477","benin"
"478","benne"
"479","benni"
"480","benny"
"481","bercy"
"482","beret"
"483","beria"
"484","berit"
"485","berne"
"486","beroe"
"487","berra"
"488","berry"
"489","berth"
"490","beryl"
"491","beset"
"492","besom"
"493","besot"
"494","betel"
"495","bethe"
"496","bevel"
"497","bevin"
"498","bezel"
"499","bhaga"
"500","bhang"
"501","bialy"
"502","bible"
"503","bibos"
"504","biddy"
"505","bidet"
"506","bifid"
"507","bight"
"508","bigos"
"509","bigot"
"510","bihar"
"511","bijou"
"512","bilby"
"513","bilge"
"514","bilgy"
"515","billy"
"516","bimbo"
"517","bimli"
"518","binet"
"519","binge"
"520","bingo"
"521","bioko"
"522","biome"
"523","biont"
"524","biota"
"525","biped"
"526","birch"
"527","birle"
"528","birth"
"529","bison"
"530","biter"
"531","bitis"
"532","bitok"
"533","bitty"
"534","bizet"
"535","black"
"536","blade"
"537","blahs"
"538","blain"
"539","blair"
"540","blake"
"541","blame"
"542","blanc"
"543","bland"
"544","blank"
"545","blare"
"546","blase"
"547","blast"
"548","blate"
"549","blaze"
"550","bleak"
"551","blear"
"552","bleat"
"553","bleed"
"554","bleep"
"555","blend"
"556","bless"
"557","blest"
"558","blida"
"559","bligh"
"560","blimp"
"561","blind"
"562","blini"
"563","blink"
"564","bliny"
"565","bliss"
"566","blitt"
"567","blitz"
"568","bloat"
"569","bloch"
"570","block"
"571","bloke"
"572","blond"
"573","blood"
"574","bloom"
"575","blown"
"576","blowy"
"577","blues"
"578","bluff"
"579","blunt"
"580","blurb"
"581","blurt"
"582","blush"
"583","boann"
"584","board"
"585","boast"
"586","bobby"
"587","bocce"
"588","bocci"
"589","boche"
"590","bodge"
"591","boehm"
"592","boeuf"
"593","boffo"
"594","bogey"
"595","boggy"
"596","bogie"
"597","bogus"
"598","bohme"
"599","boise"
"600","bolti"
"601","bolus"
"602","bonce"
"603","boned"
"604","boner"
"605","bones"
"606","boney"
"607","bongo"
"608","bonny"
"609","bonus"
"610","booby"
"611","boole"
"612","boone"
"613","boost"
"614","booth"
"615","booty"
"616","booze"
"617","boozy"
"618","borax"
"619","bored"
"620","borer"
"621","boric"
"622","boron"
"623","borsh"
"624","bosch"
"625","bosie"
"626","bosky"
"627","bosom"
"628","boson"
"629","bossy"
"630","bosun"
"631","botch"
"632","botox"
"633","bough"
"634","boule"
"635","bound"
"636","bourn"
"637","bouse"
"638","bovid"
"639","bowed"
"640","bowel"
"641","bower"
"642","bowie"
"643","bowls"
"644","bowse"
"645","boxed"
"646","boxer"
"647","boyle"
"648","boyne"
"649","brace"
"650","bract"
"651","brady"
"652","braga"
"653","brage"
"654","bragg"
"655","bragi"
"656","brahe"
"657","braid"
"658","brail"
"659","brain"
"660","brake"
"661","braky"
"662","brama"
"663","brand"
"664","brant"
"665","brash"
"666","brass"
"667","braun"
"668","brave"
"669","bravo"
"670","brawl"
"671","brawn"
"672","braze"
"673","bread"
"674","break"
"675","bream"
"676","breed"
"677","breiz"
"678","brent"
"679","brest"
"680","breve"
"681","briar"
"682","bribe"
"683","brick"
"684","bride"
"685","brief"
"686","brier"
"687","brill"
"688","brine"
"689","bring"
"690","brink"
"691","briny"
"692","brisk"
"693","briss"
"694","brith"
"695","brits"
"696","britt"
"697","broad"
"698","broca"
"699","broil"
"700","broke"
"701","brome"
"702","bronc"
"703","bronx"
"704","brood"
"705","brook"
"706","broom"
"707","broth"
"708","brown"
"709","bruce"
"710","bruch"
"711","bruin"
"712","bruit"
"713","brule"
"714","brunn"
"715","bruno"
"716","brunt"
"717","brusa"
"718","brush"
"719","brusk"
"720","brute"
"721","bryan"
"722","bryum"
"723","buber"
"724","buddy"
"725","budge"
"726","buggy"
"727","bugle"
"728","build"
"729","built"
"730","bulge"
"731","bulgy"
"732","bulky"
"733","bulla"
"734","bully"
"735","bumph"
"736","bumpy"
"737","bunce"
"738","bunch"
"739","bunco"
"740","bunko"
"741","bunny"
"742","buret"
"743","burgh"
"744","burin"
"745","burka"
"746","burke"
"747","burly"
"748","burma"
"749","burns"
"750","burnt"
"751","burqa"
"752","burro"
"753","burry"
"754","bursa"
"755","burst"
"756","busby"
"757","bushy"
"758","busty"
"759","butat"
"760","butch"
"761","butea"
"762","buteo"
"763","butte"
"764","butty"
"765","butut"
"766","butyl"
"767","buxom"
"768","buxus"
"769","buyer"
"770","bylaw"
"771","byron"
"772","byway"
"773","caaba"
"774","cabal"
"775","cabby"
"776","caber"
"777","cabin"
"778","cable"
"779","cabot"
"780","cacao"
"781","cache"
"782","cachi"
"783","caddo"
"784","caddy"
"785","cadet"
"786","cadge"
"787","cadiz"
"788","cadra"
"789","cadre"
"790","cager"
"791","cagey"
"792","cairn"
"793","cairo"
"794","cajun"
"795","calan"
"796","calif"
"797","calla"
"798","calpe"
"799","calve"
"800","calyx"
"801","camas"
"802","camel"
"803","cameo"
"804","campy"
"805","camus"
"806","canal"
"807","candy"
"808","canid"
"809","canis"
"810","canna"
"811","canny"
"812","canoe"
"813","canon"
"814","canto"
"815","canty"
"816","capek"
"817","caper"
"818","capet"
"819","capiz"
"820","capon"
"821","capra"
"822","capri"
"823","caput"
"824","carat"
"825","cards"
"826","caret"
"827","carew"
"828","carex"
"829","cargo"
"830","carib"
"831","carob"
"832","carol"
"833","carom"
"834","carry"
"835","carte"
"836","carum"
"837","carve"
"838","carya"
"839","cased"
"840","caste"
"841","catch"
"842","cater"
"843","catha"
"844","catty"
"845","cauda"
"846","caulk"
"847","causa"
"848","cause"
"849","cavia"
"850","cavil"
"851","cavum"
"852","cease"
"853","cebus"
"854","cecal"
"855","cecum"
"856","cedar"
"857","ceiba"
"858","ceibo"
"859","cello"
"860","celom"
"861","cense"
"862","ceras"
"863","ceres"
"864","ceric"
"865","cetus"
"866","chafe"
"867","chaff"
"868","chaga"
"869","chain"
"870","chair"
"871","chait"
"872","chaja"
"873","chalk"
"874","champ"
"875","chang"
"876","chant"
"877","chaos"
"878","chara"
"879","chard"
"880","chari"
"881","charm"
"882","charr"
"883","chart"
"884","chary"
"885","chase"
"886","chasm"
"887","cheap"
"888","cheat"
"889","check"
"890","cheek"
"891","cheep"
"892","cheer"
"893","chela"
"894","chert"
"895","chess"
"896","chest"
"897","chevy"
"898","chewa"
"899","chewy"
"900","chian"
"901","chick"
"902","chico"
"903","chide"
"904","chief"
"905","child"
"906","chile"
"907","chili"
"908","chill"
"909","chime"
"910","chimp"
"911","china"
"912","chine"
"913","chink"
"914","chino"
"915","chios"
"916","chirk"
"917","chirp"
"918","chirr"
"919","chive"
"920","chivy"
"921","chock"
"922","choir"
"923","choke"
"924","choky"
"925","chomp"
"926","chord"
"927","chore"
"928","chuck"
"929","chufa"
"930","chuff"
"931","chump"
"932","chunk"
"933","churl"
"934","churn"
"935","churr"
"936","chute"
"937","chyle"
"938","chyme"
"939","cicer"
"940","cider"
"941","cigar"
"942","cimex"
"943","cinch"
"944","cipro"
"945","circe"
"946","cirio"
"947","cisco"
"948","cissy"
"949","civet"
"950","civic"
"951","civil"
"952","clack"
"953","clade"
"954","claim"
"955","clamp"
"956","clams"
"957","clang"
"958","clank"
"959","clark"
"960","claro"
"961","clary"
"962","clash"
"963","clasp"
"964","class"
"965","clast"
"966","clean"
"967","clear"
"968","cleat"
"969","cleft"
"970","clegg"
"971","clerk"
"972","clews"
"973","click"
"974","cliff"
"975","climb"
"976","clime"
"977","cline"
"978","cling"
"979","clink"
"980","clive"
"981","cloak"
"982","clock"
"983","clomp"
"984","clone"
"985","close"
"986","cloth"
"987","cloud"
"988","clout"
"989","clove"
"990","clown"
"991","cloze"
"992","cluck"
"993","clump"
"994","clunk"
"995","clxxv"
"996","clxxx"
"997","clyde"
"998","coach"
"999","coact"
"1000","coapt"
"1001","coast"
"1002","coati"
"1003","cobia"
"1004","cobol"
"1005","cobra"
"1006","cocci"
"1007","cocky"
"1008","cocoa"
"1009","cocos"
"1010","cocus"
"1011","coder"
"1012","codex"
"1013","codon"
"1014","cohan"
"1015","cohoe"
"1016","coign"
"1017","colic"
"1018","colly"
"1019","colon"
"1020","color"
"1021","colza"
"1022","comal"
"1023","combo"
"1024","comer"
"1025","comet"
"1026","comfy"
"1027","comic"
"1028","comma"
"1029","comte"
"1030","conch"
"1031","condo"
"1032","coney"
"1033","conga"
"1034","conge"
"1035","congo"
"1036","conic"
"1037","conoy"
"1038","conto"
"1039","cooke"
"1040","cooky"
"1041","cooly"
"1042","coosa"
"1043","copal"
"1044","copra"
"1045","copse"
"1046","coral"
"1047","cords"
"1048","corer"
"1049","corgi"
"1050","corky"
"1051","cornu"
"1052","corny"
"1053","corot"
"1054","corps"
"1055","corse"
"1056","cosec"
"1057","cosey"
"1058","costa"
"1059","costs"
"1060","cotan"
"1061","couch"
"1062","cough"
"1063","count"
"1064","coupe"
"1065","court"
"1066","couth"
"1067","coven"
"1068","cover"
"1069","covet"
"1070","covey"
"1071","cowed"
"1072","cower"
"1073","cowry"
"1074","coyol"
"1075","coypu"
"1076","cozen"
"1077","cozey"
"1078","cozie"
"1079","crabs"
"1080","crack"
"1081","craft"
"1082","crake"
"1083","cramp"
"1084","crane"
"1085","crank"
"1086","crape"
"1087","craps"
"1088","crash"
"1089","crass"
"1090","crate"
"1091","crave"
"1092","crawl"
"1093","craze"
"1094","crazy"
"1095","creak"
"1096","cream"
"1097","crecy"
"1098","credo"
"1099","creed"
"1100","creek"
"1101","creel"
"1102","creep"
"1103","creon"
"1104","crepe"
"1105","cress"
"1106","crest"
"1107","crete"
"1108","crick"
"1109","crier"
"1110","crime"
"1111","crimp"
"1112","crisp"
"1113","crith"
"1114","crius"
"1115","croak"
"1116","croat"
"1117","crock"
"1118","croft"
"1119","crohn"
"1120","crone"
"1121","cronk"
"1122","crony"
"1123","crook"
"1124","croon"
"1125","crore"
"1126","cross"
"1127","croup"
"1128","crowd"
"1129","crown"
"1130","crude"
"1131","cruel"
"1132","cruet"
"1133","crumb"
"1134","crump"
"1135","cruse"
"1136","crush"
"1137","crust"
"1138","crypt"
"1139","ctene"
"1140","cuban"
"1141","cubby"
"1142","cubeb"
"1143","cubic"
"1144","cubit"
"1145","cuddy"
"1146","culex"
"1147","cumin"
"1148","cupel"
"1149","cupid"
"1150","cuppa"
"1151","cured"
"1152","curet"
"1153","curia"
"1154","curie"
"1155","curio"
"1156","curly"
"1157","curry"
"1158","curse"
"1159","curst"
"1160","curve"
"1161","curvy"
"1162","cusco"
"1163","cushy"
"1164","cutch"
"1165","cutin"
"1166","cutis"
"1167","cuzco"
"1168","cxxxv"
"1169","cycad"
"1170","cycas"
"1171","cycle"
"1172","cyder"
"1173","cylix"
"1174","cymru"
"1175","cymry"
"1176","cynic"
"1177","cypre"
"1178","cyrus"
"1179","cytol"
"1180","czech"
"1181","dacca"
"1182","dacha"
"1183","daddy"
"1184","daffo"
"1185","dafla"
"1186","dagan"
"1187","dagda"
"1188","dagga"
"1189","dagon"
"1190","dahna"
"1191","daily"
"1192","dairy"
"1193","daisy"
"1194","dakar"
"1195","dalea"
"1196","dally"
"1197","damar"
"1198","damon"
"1199","danau"
"1200","dance"
"1201","dandy"
"1202","dante"
"1203","daraf"
"1204","darky"
"1205","darpa"
"1206","darts"
"1207","dated"
"1208","datum"
"1209","daunt"
"1210","david"
"1211","davis"
"1212","davit"
"1213","davys"
"1214","dawah"
"1215","dawes"
"1216","dayan"
"1217","dazed"
"1218","deary"
"1219","death"
"1220","debar"
"1221","debit"
"1222","debug"
"1223","debut"
"1224","decaf"
"1225","decal"
"1226","decay"
"1227","decor"
"1228","decoy"
"1229","decry"
"1230","deeds"
"1231","deere"
"1232","defat"
"1233","defer"
"1234","defoe"
"1235","defog"
"1236","degas"
"1237","deice"
"1238","deify"
"1239","deign"
"1240","deism"
"1241","deist"
"1242","deity"
"1243","dekko"
"1244","delay"
"1245","delft"
"1246","delhi"
"1247","delta"
"1248","delve"
"1249","demob"
"1250","demon"
"1251","demur"
"1252","deneb"
"1253","denim"
"1254","dense"
"1255","depot"
"1256","depth"
"1257","derby"
"1258","derma"
"1259","desex"
"1260","deter"
"1261","detox"
"1262","deuce"
"1263","devil"
"1264","devon"
"1265","dewar"
"1266","dewey"
"1267","dhaka"
"1268","dhava"
"1269","dhawa"
"1270","dhole"
"1271","dhoti"
"1272","diana"
"1273","diary"
"1274","diazo"
"1275","dicer"
"1276","dicey"
"1277","dicky"
"1278","dicot"
"1279","digit"
"1280","dijon"
"1281","dildo"
"1282","dimer"
"1283","dimly"
"1284","dinar"
"1285","diner"
"1286","dinge"
"1287","dingo"
"1288","dingy"
"1289","dinka"
"1290","dinky"
"1291","diode"
"1292","dioon"
"1293","dipus"
"1294","dirac"
"1295","dirca"
"1296","dirge"
"1297","dirty"
"1298","disco"
"1299","dishy"
"1300","ditch"
"1301","ditto"
"1302","ditty"
"1303","divan"
"1304","diver"
"1305","divot"
"1306","divvy"
"1307","diwan"
"1308","dixie"
"1309","dizen"
"1310","dizzy"
"1311","dobra"
"1312","dodge"
"1313","dodgy"
"1314","doggo"
"1315","doggy"
"1316","dogie"
"1317","dogma"
"1318","doily"
"1319","dolby"
"1320","dolly"
"1321","dolor"
"1322","domed"
"1323","donar"
"1324","donee"
"1325","donna"
"1326","donne"
"1327","donor"
"1328","donut"
"1329","doped"
"1330","dopey"
"1331","doric"
"1332","doris"
"1333","dormy"
"1334","dosed"
"1335","dotty"
"1336","doubt"
"1337","dough"
"1338","doura"
"1339","douse"
"1340","dover"
"1341","dowdy"
"1342","dowel"
"1343","dower"
"1344","downy"
"1345","dowry"
"1346","dowse"
"1347","doyen"
"1348","doyly"
"1349","dozen"
"1350","dozer"
"1351","dphil"
"1352","draba"
"1353","draco"
"1354","draft"
"1355","drain"
"1356","drake"
"1357","drama"
"1358","drape"
"1359","drawl"
"1360","drawn"
"1361","dread"
"1362","dream"
"1363","drear"
"1364","dreck"
"1365","dregs"
"1366","dress"
"1367","dried"
"1368","drier"
"1369","drift"
"1370","drill"
"1371","drily"
"1372","drink"
"1373","drive"
"1374","droll"
"1375","drome"
"1376","drone"
"1377","drool"
"1378","droop"
"1379","dross"
"1380","drove"
"1381","drown"
"1382","druid"
"1383","drunk"
"1384","drupe"
"1385","druse"
"1386","druze"
"1387","dryad"
"1388","dryas"
"1389","dryer"
"1390","dryly"
"1391","dubai"
"1392","dubya"
"1393","ducal"
"1394","ducat"
"1395","duchy"
"1396","ducky"
"1397","dukas"
"1398","dulse"
"1399","dumas"
"1400","dummy"
"1401","dumps"
"1402","dumpy"
"1403","dunce"
"1404","duomo"
"1405","duple"
"1406","dural"
"1407","durer"
"1408","durga"
"1409","durio"
"1410","durra"
"1411","durum"
"1412","dusky"
"1413","dusty"
"1414","dutch"
"1415","duvet"
"1416","dwarf"
"1417","dweeb"
"1418","dwell"
"1419","dyaus"
"1420","dying"
"1421","dylan"
"1422","eager"
"1423","eagle"
"1424","eagre"
"1425","eames"
"1426","eared"
"1427","early"
"1428","earth"
"1429","eased"
"1430","easel"
"1431","eater"
"1432","eaves"
"1433","eblis"
"1434","ebola"
"1435","ebony"
"1436","eclat"
"1437","edema"
"1438","edgar"
"1439","edged"
"1440","edger"
"1441","edict"
"1442","edify"
"1443","educe"
"1444","edwin"
"1445","eelam"
"1446","eerie"
"1447","egest"
"1448","eggar"
"1449","egger"
"1450","egret"
"1451","egypt"
"1452","eider"
"1453","eidos"
"1454","eigen"
"1455","eight"
"1456","eject"
"1457","ekman"
"1458","eland"
"1459","elate"
"1460","elbow"
"1461","elder"
"1462","elect"
"1463","elegy"
"1464","elemi"
"1465","elfin"
"1466","elgar"
"1467","elide"
"1468","elint"
"1469","eliot"
"1470","elisa"
"1471","elite"
"1472","ellas"
"1473","ellul"
"1474","elope"
"1475","elops"
"1476","elude"
"1477","elute"
"1478","elver"
"1479","elves"
"1480","elvis"
"1481","email"
"1482","embed"
"1483","ember"
"1484","emcee"
"1485","emeer"
"1486","emend"
"1487","emery"
"1488","emile"
"1489","emmer"
"1490","emmet"
"1491","emote"
"1492","empty"
"1493","enact"
"1494","enate"
"1495","ended"
"1496","endow"
"1497","endue"
"1498","enema"
"1499","enemy"
"1500","enets"
"1501","enjoy"
"1502","enlil"
"1503","ennui"
"1504","enrol"
"1505","ensis"
"1506","ensky"
"1507","ensue"
"1508","enter"
"1509","entry"
"1510","entsi"
"1511","entsy"
"1512","enuki"
"1513","envoi"
"1514","envoy"
"1515","eolic"
"1516","eosin"
"1517","ephah"
"1518","epoch"
"1519","epona"
"1520","epoxy"
"1521","eprom"
"1522","equal"
"1523","equid"
"1524","equip"
"1525","equus"
"1526","erase"
"1527","erato"
"1528","erect"
"1529","ergot"
"1530","erica"
"1531","ernst"
"1532","erode"
"1533","erose"
"1534","error"
"1535","eruca"
"1536","eruct"
"1537","erupt"
"1538","esaki"
"1539","esker"
"1540","espoo"
"1541","essay"
"1542","essen"
"1543","essex"
"1544","ester"
"1545","ether"
"1546","ethic"
"1547","ethos"
"1548","ethyl"
"1549","etude"
"1550","euler"
"1551","evade"
"1552","evans"
"1553","evenk"
"1554","event"
"1555","evers"
"1556","evert"
"1557","every"
"1558","evict"
"1559","evoke"
"1560","exact"
"1561","exalt"
"1562","excel"
"1563","exert"
"1564","exile"
"1565","exist"
"1566","exode"
"1567","expel"
"1568","extol"
"1569","extra"
"1570","exude"
"1571","exult"
"1572","eyrie"
"1573","eyrir"
"1574","fable"
"1575","faced"
"1576","facer"
"1577","facet"
"1578","facia"
"1579","faddy"
"1580","faded"
"1581","faery"
"1582","fagin"
"1583","fagot"
"1584","fagus"
"1585","faint"
"1586","fairy"
"1587","faith"
"1588","faker"
"1589","fakir"
"1590","falco"
"1591","falla"
"1592","falls"
"1593","famed"
"1594","fancy"
"1595","fanny"
"1596","faqir"
"1597","farad"
"1598","farce"
"1599","fargo"
"1600","farsi"
"1601","fatah"
"1602","fatal"
"1603","fated"
"1604","fates"
"1605","fatso"
"1606","fatty"
"1607","fatwa"
"1608","fauld"
"1609","fault"
"1610","fauna"
"1611","faust"
"1612","fauve"
"1613","favor"
"1614","favus"
"1615","fazed"
"1616","feast"
"1617","fecal"
"1618","feces"
"1619","feign"
"1620","feint"
"1621","feist"
"1622","felid"
"1623","felis"
"1624","fella"
"1625","felly"
"1626","felon"
"1627","femur"
"1628","fence"
"1629","feoff"
"1630","feral"
"1631","feria"
"1632","fermi"
"1633","ferny"
"1634","ferry"
"1635","fesse"
"1636","fetal"
"1637","fetch"
"1638","fetid"
"1639","fetor"
"1640","fetus"
"1641","fever"
"1642","fewer"
"1643","fhlmc"
"1644","fiber"
"1645","fibre"
"1646","fichu"
"1647","ficus"
"1648","field"
"1649","fiend"
"1650","fiery"
"1651","fifth"
"1652","fifty"
"1653","fight"
"1654","fijis"
"1655","filar"
"1656","filch"
"1657","filer"
"1658","filet"
"1659","fille"
"1660","filly"
"1661","filmy"
"1662","filth"
"1663","filum"
"1664","final"
"1665","finch"
"1666","fined"
"1667","finer"
"1668","finis"
"1669","fiord"
"1670","fired"
"1671","first"
"1672","firth"
"1673","fishy"
"1674","fitch"
"1675","fitly"
"1676","fiver"
"1677","fives"
"1678","fixed"
"1679","fixer"
"1680","fizzy"
"1681","fjord"
"1682","flack"
"1683","flail"
"1684","flair"
"1685","flake"
"1686","flaky"
"1687","flame"
"1688","flank"
"1689","flaps"
"1690","flare"
"1691","flash"
"1692","flask"
"1693","flats"
"1694","fleck"
"1695","fleer"
"1696","fleet"
"1697","flesh"
"1698","fletc"
"1699","flick"
"1700","flier"
"1701","flies"
"1702","fling"
"1703","flint"
"1704","flirt"
"1705","float"
"1706","flock"
"1707","flood"
"1708","floor"
"1709","flora"
"1710","flory"
"1711","floss"
"1712","flour"
"1713","flout"
"1714","fluff"
"1715","fluid"
"1716","fluke"
"1717","fluky"
"1718","flume"
"1719","flump"
"1720","flunk"
"1721","fluor"
"1722","flush"
"1723","flute"
"1724","flyer"
"1725","foamy"
"1726","focal"
"1727","focus"
"1728","foehn"
"1729","fogey"
"1730","foggy"
"1731","foist"
"1732","folie"
"1733","folio"
"1734","folks"
"1735","folly"
"1736","fomes"
"1737","fomor"
"1738","fonda"
"1739","fondu"
"1740","foram"
"1741","foray"
"1742","force"
"1743","forge"
"1744","forgo"
"1745","forte"
"1746","forth"
"1747","forty"
"1748","forum"
"1749","fossa"
"1750","fosse"
"1751","found"
"1752","fount"
"1753","fovea"
"1754","foyer"
"1755","frail"
"1756","frame"
"1757","franc"
"1758","frank"
"1759","fraud"
"1760","freak"
"1761","freed"
"1762","fresh"
"1763","fress"
"1764","freud"
"1765","freya"
"1766","freyr"
"1767","friar"
"1768","frick"
"1769","fried"
"1770","frier"
"1771","fries"
"1772","frigg"
"1773","frill"
"1774","frisk"
"1775","frizz"
"1776","frock"
"1777","frond"
"1778","front"
"1779","frore"
"1780","frost"
"1781","froth"
"1782","frown"
"1783","fruit"
"1784","frump"
"1785","fryer"
"1786","fuchs"
"1787","fucus"
"1788","fudge"
"1789","fuego"
"1790","fugal"
"1791","fuggy"
"1792","fugly"
"1793","fugue"
"1794","fulah"
"1795","fulbe"
"1796","fully"
"1797","fumed"
"1798","fumes"
"1799","funds"
"1800","fungi"
"1801","funka"
"1802","funky"
"1803","funny"
"1804","fuqra"
"1805","furan"
"1806","furor"
"1807","furry"
"1808","furze"
"1809","fused"
"1810","fusee"
"1811","fusil"
"1812","fussy"
"1813","fusty"
"1814","futon"
"1815","fuzee"
"1816","fuzzy"
"1817","gabby"
"1818","gable"
"1819","gabon"
"1820","gabor"
"1821","gabun"
"1822","gaddi"
"1823","gadus"
"1824","gaffe"
"1825","gafsa"
"1826","gaius"
"1827","galan"
"1828","galax"
"1829","galea"
"1830","galen"
"1831","gamba"
"1832","gamey"
"1833","gamin"
"1834","gamma"
"1835","gammy"
"1836","gamow"
"1837","gamut"
"1838","ganef"
"1839","ganja"
"1840","ganof"
"1841","gansu"
"1842","garbo"
"1843","gassy"
"1844","gates"
"1845","gator"
"1846","gaudi"
"1847","gaudy"
"1848","gauge"
"1849","gaunt"
"1850","gauri"
"1851","gauss"
"1852","gauze"
"1853","gauzy"
"1854","gavel"
"1855","gavia"
"1856","gawky"
"1857","gayal"
"1858","gayly"
"1859","gecko"
"1860","gelid"
"1861","gelly"
"1862","gemma"
"1863","genet"
"1864","genic"
"1865","genie"
"1866","genip"
"1867","genoa"
"1868","genre"
"1869","genus"
"1870","geode"
"1871","gerea"
"1872","germy"
"1873","gesso"
"1874","getup"
"1875","ghana"
"1876","ghent"
"1877","ghost"
"1878","ghoul"
"1879","giant"
"1880","gibbs"
"1881","gidar"
"1882","giddy"
"1883","gigot"
"1884","gigue"
"1885","gimel"
"1886","gimpy"
"1887","ginep"
"1888","ginzo"
"1889","gipsy"
"1890","girru"
"1891","girth"
"1892","gismo"
"1893","given"
"1894","giver"
"1895","gizeh"
"1896","gizmo"
"1897","glace"
"1898","glade"
"1899","gland"
"1900","glans"
"1901","glare"
"1902","glary"
"1903","glass"
"1904","glaux"
"1905","glaze"
"1906","gleam"
"1907","glean"
"1908","gleba"
"1909","glebe"
"1910","gleet"
"1911","glenn"
"1912","glial"
"1913","glide"
"1914","glint"
"1915","glitz"
"1916","gloam"
"1917","gloat"
"1918","globe"
"1919","glogg"
"1920","gloom"
"1921","glory"
"1922","gloss"
"1923","glove"
"1924","gluck"
"1925","glued"
"1926","gluey"
"1927","glume"
"1928","gluon"
"1929","glute"
"1930","glyph"
"1931","gnarl"
"1932","gnash"
"1933","gnome"
"1934","gobio"
"1935","godel"
"1936","godly"
"1937","gofer"
"1938","gogol"
"1939","going"
"1940","golan"
"1941","golem"
"1942","golgi"
"1943","gomel"
"1944","gonad"
"1945","gondi"
"1946","goner"
"1947","gonif"
"1948","gonne"
"1949","gonzo"
"1950","goody"
"1951","gooey"
"1952","goofy"
"1953","goony"
"1954","goose"
"1955","goosy"
"1956","goral"
"1957","gorge"
"1958","gorki"
"1959","gorky"
"1960","gorse"
"1961","gouda"
"1962","goudy"
"1963","gouge"
"1964","gould"
"1965","gourd"
"1966","gouty"
"1967","grace"
"1968","grade"
"1969","graft"
"1970","grail"
"1971","grain"
"1972","grama"
"1973","grand"
"1974","grant"
"1975","grape"
"1976","graph"
"1977","grapo"
"1978","grapy"
"1979","grasp"
"1980","grass"
"1981","grate"
"1982","grave"
"1983","gravy"
"1984","graze"
"1985","great"
"1986","grebe"
"1987","greco"
"1988","greed"
"1989","greek"
"1990","green"
"1991","greet"
"1992","grias"
"1993","grief"
"1994","grieg"
"1995","grill"
"1996","grime"
"1997","grimm"
"1998","grimy"
"1999","grind"
"2000","griot"
"2001","gripe"
"2002","grist"
"2003","grits"
"2004","groak"
"2005","groan"
"2006","groat"
"2007","groin"
"2008","groom"
"2009","grope"
"2010","gross"
"2011","grosz"
"2012","group"
"2013","grout"
"2014","grove"
"2015","growl"
"2016","grown"
"2017","gruel"
"2018","gruff"
"2019","grume"
"2020","grump"
"2021","grunt"
"2022","guama"
"2023","guano"
"2024","guard"
"2025","guava"
"2026","guess"
"2027","guest"
"2028","guide"
"2029","guild"
"2030","guile"
"2031","guilt"
"2032","guise"
"2033","gulag"
"2034","gulch"
"2035","gully"
"2036","gumbo"
"2037","gumma"
"2038","gummy"
"2039","gunny"
"2040","guppy"
"2041","gushy"
"2042","gusto"
"2043","gusty"
"2044","gutsy"
"2045","guyot"
"2046","gwynn"
"2047","gynne"
"2048","gypsy"
"2049","gyral"
"2050","gyrus"
"2051","haart"
"2052","haber"
"2053","habit"
"2054","hacek"
"2055","hadal"
"2056","hades"
"2057","hadji"
"2058","haick"
"2059","haida"
"2060","haifa"
"2061","haiku"
"2062","hairy"
"2063","haiti"
"2064","hajji"
"2065","hakea"
"2066","hakim"
"2067","hakka"
"2068","halab"
"2069","halal"
"2070","haler"
"2071","haley"
"2072","halle"
"2073","halma"
"2074","halon"
"2075","halve"
"2076","haman"
"2077","hamas"
"2078","hammy"
"2079","hands"
"2080","handy"
"2081","hanks"
"2082","hanky"
"2083","hanoi"
"2084","haoma"
"2085","haply"
"2086","happy"
"2087","hardy"
"2088","harem"
"2089","harpo"
"2090","harpy"
"2091","harry"
"2092","harsh"
"2093","harte"
"2094","hasek"
"2095","hasid"
"2096","haste"
"2097","hasty"
"2098","hatch"
"2099","hated"
"2100","hater"
"2101","haulm"
"2102","haunt"
"2103","hausa"
"2104","havel"
"2105","haven"
"2106","havoc"
"2107","hawse"
"2108","haydn"
"2109","hayek"
"2110","hayes"
"2111","hayti"
"2112","hazan"
"2113","hazel"
"2114","heady"
"2115","heaps"
"2116","heard"
"2117","heart"
"2118","heath"
"2119","heave"
"2120","heavy"
"2121","hebei"
"2122","hecht"
"2123","hedge"
"2124","hefty"
"2125","hegel"
"2126","heinz"
"2127","heist"
"2128","hejaz"
"2129","helen"
"2130","helix"
"2131","hello"
"2132","helot"
"2133","helve"
"2134","hemal"
"2135","hemic"
"2136","hemin"
"2137","hence"
"2138","henna"
"2139","henry"
"2140","herat"
"2141","herod"
"2142","heron"
"2143","hertz"
"2144","hesse"
"2145","hevea"
"2146","hewer"
"2147","hexad"
"2148","hexed"
"2149","heyse"
"2150","hijab"
"2151","hijaz"
"2152","hiker"
"2153","hilar"
"2154","hilly"
"2155","hilum"
"2156","hilus"
"2157","hindi"
"2158","hindu"
"2159","hinge"
"2160","hinny"
"2161","hippo"
"2162","hippy"
"2163","hired"
"2164","hirer"
"2165","hitch"
"2166","hives"
"2167","hmong"
"2168","hoagy"
"2169","hoard"
"2170","hoary"
"2171","hobbs"
"2172","hobby"
"2173","hoder"
"2174","hodur"
"2175","hoffa"
"2176","hogan"
"2177","hoist"
"2178","hokan"
"2179","hokey"
"2180","hokum"
"2181","holey"
"2182","holla"
"2183","hollo"
"2184","holly"
"2185","homel"
"2186","homer"
"2187","homey"
"2188","hondo"
"2189","honey"
"2190","honky"
"2191","honor"
"2192","hooch"
"2193","hooey"
"2194","hooke"
"2195","hooks"
"2196","hooky"
"2197","hoops"
"2198","hopeh"
"2199","hopei"
"2200","hoper"
"2201","horde"
"2202","horne"
"2203","horny"
"2204","horse"
"2205","horst"
"2206","horta"
"2207","horus"
"2208","hosea"
"2209","hosta"
"2210","hotei"
"2211","hotel"
"2212","hothr"
"2213","hotly"
"2214","hound"
"2215","houri"
"2216","hours"
"2217","house"
"2218","hovea"
"2219","hovel"
"2220","hover"
"2221","howdy"
"2222","hoyle"
"2223","hrolf"
"2224","hsian"
"2225","hubby"
"2226","hubel"
"2227","hudud"
"2228","huffy"
"2229","hulky"
"2230","hullo"
"2231","human"
"2232","humic"
"2233","humid"
"2234","humin"
"2235","humor"
"2236","humus"
"2237","hunan"
"2238","hunch"
"2239","hurok"
"2240","huron"
"2241","hurry"
"2242","husky"
"2243","hussy"
"2244","hutch"
"2245","hydra"
"2246","hyena"
"2247","hymen"
"2248","hymie"
"2249","hyoid"
"2250","hypha"
"2251","hyrax"
"2252","hyson"
"2253","ianfu"
"2254","ibert"
"2255","ibid."
"2256","ibsen"
"2257","icaco"
"2258","ichor"
"2259","icing"
"2260","ictal"
"2261","ictic"
"2262","ictus"
"2263","idaho"
"2264","ideal"
"2265","idiom"
"2266","idiot"
"2267","idler"
"2268","idyll"
"2269","igigi"
"2270","igloo"
"2271","ilama"
"2272","ileum"
"2273","ileus"
"2274","iliac"
"2275","iliad"
"2276","ilion"
"2277","ilium"
"2278","ilmen"
"2279","ilxxx"
"2280","image"
"2281","imago"
"2282","imaum"
"2283","imbed"
"2284","imbue"
"2285","imide"
"2286","immix"
"2287","impel"
"2288","imply"
"2289","inane"
"2290","inapt"
"2291","incan"
"2292","incur"
"2293","incus"
"2294","index"
"2295","india"
"2296","indic"
"2297","indie"
"2298","indra"
"2299","indri"
"2300","indue"
"2301","indus"
"2302","inept"
"2303","inert"
"2304","infer"
"2305","infix"
"2306","infra"
"2307","inger"
"2308","ingot"
"2309","inion"
"2310","injun"
"2311","inkle"
"2312","inlay"
"2313","inlet"
"2314","inner"
"2315","input"
"2316","inset"
"2317","inter"
"2318","intro"
"2319","inuit"
"2320","inula"
"2321","inure"
"2322","invar"
"2323","iodin"
"2324","ionia"
"2325","ionic"
"2326","iowan"
"2327","ioway"
"2328","ipsus"
"2329","iraki"
"2330","irani"
"2331","iraqi"
"2332","irate"
"2333","irena"
"2334","irish"
"2335","irons"
"2336","irony"
"2337","irula"
"2338","isaac"
"2339","isere"
"2340","islam"
"2341","islay"
"2342","islet"
"2343","issue"
"2344","issus"
"2345","italy"
"2346","itchy"
"2347","ivied"
"2348","ivory"
"2349","iyyar"
"2350","izmir"
"2351","jabot"
"2352","jacks"
"2353","jacob"
"2354","jaded"
"2355","jafar"
"2356","jaffa"
"2357","jaggy"
"2358","jagua"
"2359","jakes"
"2360","james"
"2361","janus"
"2362","japan"
"2363","jason"
"2364","jaunt"
"2365","javan"
"2366","jawan"
"2367","jawed"
"2368","jazzy"
"2369","jehad"
"2370","jello"
"2371","jelly"
"2372","jemmy"
"2373","jenny"
"2374","jerez"
"2375","jerky"
"2376","jerry"
"2377","jesus"
"2378","jetty"
"2379","jewel"
"2380","jewry"
"2381","jidda"
"2382","jiffy"
"2383","jihad"
"2384","jimmy"
"2385","jingo"
"2386","jinja"
"2387","jinks"
"2388","jinni"
"2389","jiqui"
"2390","jirga"
"2391","johns"
"2392","joint"
"2393","joist"
"2394","joker"
"2395","jolly"
"2396","jolty"
"2397","jonah"
"2398","jones"
"2399","joppa"
"2400","jorum"
"2401","josue"
"2402","jotun"
"2403","joule"
"2404","joust"
"2405","jowly"
"2406","joyce"
"2407","judah"
"2408","judas"
"2409","judea"
"2410","judge"
"2411","juice"
"2412","juicy"
"2413","julep"
"2414","jumbo"
"2415","jumpy"
"2416","junco"
"2417","junky"
"2418","junta"
"2419","junto"
"2420","jural"
"2421","juror"
"2422","kaaba"
"2423","kabob"
"2424","kabul"
"2425","kadai"
"2426","kafir"
"2427","kafka"
"2428","kalif"
"2429","kalka"
"2430","kalki"
"2431","kamba"
"2432","kamet"
"2433","kamia"
"2434","kanaf"
"2435","kandy"
"2436","kansa"
"2437","kansu"
"2438","kanzu"
"2439","kapok"
"2440","kappa"
"2441","kaput"
"2442","karat"
"2443","karen"
"2444","karma"
"2445","karok"
"2446","kasai"
"2447","kasha"
"2448","katar"
"2449","kauai"
"2450","kauri"
"2451","kaury"
"2452","kayak"
"2453","kazak"
"2454","kazan"
"2455","kazoo"
"2456","keats"
"2457","kebab"
"2458","keble"
"2459","kelly"
"2460","kelpy"
"2461","kempt"
"2462","kenaf"
"2463","kenya"
"2464","kesey"
"2465","ketch"
"2466","keyed"
"2467","khadi"
"2468","khaki"
"2469","khama"
"2470","khaya"
"2471","khios"
"2472","khmer"
"2473","khoum"
"2474","khuen"
"2475","khufu"
"2476","kiaat"
"2477","kiang"
"2478","kiddy"
"2479","kiley"
"2480","kinda"
"2481","kinin"
"2482","kinky"
"2483","kiosk"
"2484","kiowa"
"2485","kitty"
"2486","kitul"
"2487","klein"
"2488","klick"
"2489","klimt"
"2490","kline"
"2491","klutz"
"2492","knack"
"2493","knave"
"2494","knawe"
"2495","knead"
"2496","kneel"
"2497","knell"
"2498","knife"
"2499","knish"
"2500","knock"
"2501","knoll"
"2502","knout"
"2503","known"
"2504","koala"
"2505","kobus"
"2506","kogia"
"2507","koine"
"2508","kokka"
"2509","kolam"
"2510","kongo"
"2511","konoe"
"2512","kooky"
"2513","kopek"
"2514","kopje"
"2515","koran"
"2516","korda"
"2517","korea"
"2518","kotar"
"2519","kotex"
"2520","kotow"
"2521","kovna"
"2522","kovno"
"2523","kraal"
"2524","kraft"
"2525","krait"
"2526","kraut"
"2527","krebs"
"2528","krill"
"2529","kriti"
"2530","krona"
"2531","krone"
"2532","kroon"
"2533","kroto"
"2534","krubi"
"2535","krupp"
"2536","kudos"
"2537","kudzu"
"2538","kulun"
"2539","kumis"
"2540","kursk"
"2541","kurta"
"2542","kurux"
"2543","kusan"
"2544","kutch"
"2545","kvass"
"2546","kweek"
"2547","kwela"
"2548","kwell"
"2549","kylie"
"2550","kylix"
"2551","kyoto"
"2552","kyyiv"
"2553","laban"
"2554","label"
"2555","labor"
"2556","laced"
"2557","lacer"
"2558","laden"
"2559","ladin"
"2560","ladle"
"2561","lagan"
"2562","lager"
"2563","lagos"
"2564","lahar"
"2565","laird"
"2566","laity"
"2567","laius"
"2568","lally"
"2569","lamia"
"2570","lamna"
"2571","lanai"
"2572","lance"
"2573","laney"
"2574","lange"
"2575","lanky"
"2576","lansa"
"2577","lapel"
"2578","lapin"
"2579","lapse"
"2580","larch"
"2581","large"
"2582","largo"
"2583","larid"
"2584","larix"
"2585","larus"
"2586","larva"
"2587","laser"
"2588","lasix"
"2589","lassa"
"2590","lasso"
"2591","latch"
"2592","later"
"2593","latex"
"2594","lathe"
"2595","lathi"
"2596","latin"
"2597","latke"
"2598","latte"
"2599","laudo"
"2600","laugh"
"2601","laver"
"2602","laxly"
"2603","layby"
"2604","layer"
"2605","layia"
"2606","layup"
"2607","lazar"
"2608","lazio"
"2609","leach"
"2610","leafy"
"2611","leaky"
"2612","learn"
"2613","leary"
"2614","lease"
"2615","leash"
"2616","least"
"2617","leave"
"2618","ledge"
"2619","ledum"
"2620","leech"
"2621","leeds"
"2622","leery"
"2623","lefty"
"2624","legal"
"2625","leger"
"2626","leggy"
"2627","legin"
"2628","lehar"
"2629","leigh"
"2630","lemma"
"2631","lemna"
"2632","lemon"
"2633","lemur"
"2634","lendl"
"2635","lenin"
"2636","lense"
"2637","lento"
"2638","leone"
"2639","lepas"
"2640","leper"
"2641","leppy"
"2642","lepus"
"2643","lerot"
"2644","letch"
"2645","lethe"
"2646","letup"
"2647","levee"
"2648","level"
"2649","lever"
"2650","levis"
"2651","lewis"
"2652","lexis"
"2653","leyte"
"2654","lhasa"
"2655","liana"
"2656","libby"
"2657","libel"
"2658","libra"
"2659","libya"
"2660","lichi"
"2661","licit"
"2662","lidar"
"2663","liege"
"2664","lifer"
"2665","ligan"
"2666","liger"
"2667","light"
"2668","ligne"
"2669","liked"
"2670","liken"
"2671","lilac"
"2672","lille"
"2673","liman"
"2674","limax"
"2675","limbo"
"2676","limen"
"2677","limey"
"2678","limit"
"2679","limpa"
"2680","linac"
"2681","lindy"
"2682","lined"
"2683","linen"
"2684","liner"
"2685","lingo"
"2686","linin"
"2687","links"
"2688","linum"
"2689","linux"
"2690","lipid"
"2691","lippi"
"2692","lisle"
"2693","liszt"
"2694","litas"
"2695","liter"
"2696","lithe"
"2697","litre"
"2698","liven"
"2699","liver"
"2700","livid"
"2701","llama"
"2702","llano"
"2703","lloyd"
"2704","loach"
"2705","loads"
"2706","loamy"
"2707","loasa"
"2708","loath"
"2709","lobar"
"2710","lobby"
"2711","lobed"
"2712","local"
"2713","locke"
"2714","locum"
"2715","locus"
"2716","lodge"
"2717","loess"
"2718","loewe"
"2719","loewi"
"2720","lofty"
"2721","logan"
"2722","logic"
"2723","logos"
"2724","lohan"
"2725","loins"
"2726","loire"
"2727","lolly"
"2728","lonas"
"2729","loner"
"2730","loofa"
"2731","loony"
"2732","loopy"
"2733","loose"
"2734","lopid"
"2735","lorca"
"2736","loren"
"2737","lorre"
"2738","lorry"
"2739","loser"
"2740","lossy"
"2741","lotic"
"2742","lotte"
"2743","lotto"
"2744","lotus"
"2745","lough"
"2746","louis"
"2747","loupe"
"2748","louse"
"2749","lousy"
"2750","loved"
"2751","lover"
"2752","lovoa"
"2753","lowan"
"2754","lower"
"2755","lowly"
"2756","lowry"
"2757","loxia"
"2758","loyal"
"2759","lozal"
"2760","lucas"
"2761","lucid"
"2762","lucky"
"2763","lucre"
"2764","luffa"
"2765","luger"
"2766","lulli"
"2767","lully"
"2768","lumen"
"2769","lumma"
"2770","lumpy"
"2771","lunar"
"2772","lunch"
"2773","lunda"
"2774","lunge"
"2775","lungi"
"2776","lupin"
"2777","lupus"
"2778","lurch"
"2779","lurid"
"2780","lusty"
"2781","lutra"
"2782","luxor"
"2783","luyia"
"2784","luzon"
"2785","lviii"
"2786","lxiii"
"2787","lxvii"
"2788","lxxii"
"2789","lxxiv"
"2790","lxxvi"
"2791","lxxxi"
"2792","lxxxv"
"2793","lycee"
"2794","lycia"
"2795","lydia"
"2796","lygus"
"2797","lying"
"2798","lymph"
"2799","lynch"
"2800","lyons"
"2801","lyric"
"2802","lysin"
"2803","lysis"
"2804","lysol"
"2805","lyssa"
"2806","macao"
"2807","macau"
"2808","macaw"
"2809","macer"
"2810","macho"
"2811","macon"
"2812","macro"
"2813","madam"
"2814","madia"
"2815","madly"
"2816","mafia"
"2817","magha"
"2818","magic"
"2819","magma"
"2820","magus"
"2821","mahan"
"2822","mahdi"
"2823","mahoe"
"2824","maidu"
"2825","maine"
"2826","maize"
"2827","major"
"2828","maker"
"2829","makin"
"2830","malar"
"2831","malay"
"2832","maleo"
"2833","malik"
"2834","malmo"
"2835","malta"
"2836","malto"
"2837","malus"
"2838","malva"
"2839","mamba"
"2840","mambo"
"2841","mamet"
"2842","mamey"
"2843","mamma"
"2844","mammy"
"2845","manat"
"2846","manda"
"2847","mande"
"2848","manes"
"2849","manet"
"2850","mange"
"2851","mango"
"2852","mangy"
"2853","mania"
"2854","manic"
"2855","manis"
"2856","manky"
"2857","manly"
"2858","manna"
"2859","manor"
"2860","manse"
"2861","mansi"
"2862","manta"
"2863","manul"
"2864","manus"
"2865","maori"
"2866","maple"
"2867","marat"
"2868","march"
"2869","marge"
"2870","maria"
"2871","marks"
"2872","marly"
"2873","maroc"
"2874","marri"
"2875","marry"
"2876","marsh"
"2877","marti"
"2878","marum"
"2879","marut"
"2880","masai"
"2881","maser"
"2882","mashi"
"2883","mason"
"2884","masse"
"2885","matai"
"2886","match"
"2887","mated"
"2888","mater"
"2889","mates"
"2890","matey"
"2891","maths"
"2892","matte"
"2893","matzo"
"2894","maund"
"2895","mauve"
"2896","maven"
"2897","mavin"
"2898","mavis"
"2899","maxim"
"2900","mayan"
"2901","maybe"
"2902","mayer"
"2903","mayor"
"2904","mazed"
"2905","mazer"
"2906","mbeya"
"2907","mckim"
"2908","meade"
"2909","mealy"
"2910","means"
"2911","meany"
"2912","meaty"
"2913","mecca"
"2914","medal"
"2915","medan"
"2916","medea"
"2917","medic"
"2918","medoc"
"2919","melba"
"2920","melee"
"2921","meles"
"2922","melia"
"2923","melon"
"2924","memel"
"2925","mensa"
"2926","mensh"
"2927","mercy"
"2928","merge"
"2929","merit"
"2930","merle"
"2931","merry"
"2932","mesic"
"2933","meson"
"2934","messy"
"2935","mesua"
"2936","metal"
"2937","meter"
"2938","metic"
"2939","metis"
"2940","metre"
"2941","metro"
"2942","meuse"
"2943","mezzo"
"2944","mflop"
"2945","miami"
"2946","miaou"
"2947","miaow"
"2948","miasm"
"2949","miaul"
"2950","micah"
"2951","micro"
"2952","midas"
"2953","middy"
"2954","midge"
"2955","midst"
"2956","might"
"2957","milan"
"2958","milch"
"2959","miler"
"2960","milky"
"2961","mills"
"2962","milne"
"2963","mimeo"
"2964","mimer"
"2965","mimic"
"2966","mimir"
"2967","mimus"
"2968","minah"
"2969","mince"
"2970","mined"
"2971","miner"
"2972","minge"
"2973","mingy"
"2974","minim"
"2975","minor"
"2976","minos"
"2977","minsk"
"2978","minus"
"2979","mired"
"2980","mirid"
"2981","mirky"
"2982","mirth"
"2983","misdo"
"2984","miser"
"2985","missy"
"2986","misty"
"2987","miter"
"2988","mitra"
"2989","mitre"
"2990","miwok"
"2991","mixed"
"2992","mixer"
"2993","mizen"
"2994","mlitt"
"2995","mnium"
"2996","moban"
"2997","mocha"
"2998","modal"
"2999","model"
"3000","modem"
"3001","mogul"
"3002","moire"
"3003","moist"
"3004","moksa"
"3005","molal"
"3006","molar"
"3007","moldy"
"3008","molle"
"3009","molly"
"3010","molva"
"3011","momma"
"3012","mommy"
"3013","momos"
"3014","momot"
"3015","momus"
"3016","monad"
"3017","monal"
"3018","monas"
"3019","monet"
"3020","money"
"3021","mongo"
"3022","monod"
"3023","monte"
"3024","month"
"3025","mooch"
"3026","moody"
"3027","moony"
"3028","moore"
"3029","moose"
"3030","moped"
"3031","mopes"
"3032","moral"
"3033","moray"
"3034","morel"
"3035","mores"
"3036","moron"
"3037","morph"
"3038","morse"
"3039","morta"
"3040","morus"
"3041","mosan"
"3042","moses"
"3043","mosey"
"3044","mossy"
"3045","mosul"
"3046","motel"
"3047","motet"
"3048","mothy"
"3049","motif"
"3050","motor"
"3051","motto"
"3052","mould"
"3053","moult"
"3054","mound"
"3055","mount"
"3056","mourn"
"3057","mouse"
"3058","mousy"
"3059","mouth"
"3060","moved"
"3061","mover"
"3062","movie"
"3063","mower"
"3064","moxie"
"3065","msasa"
"3066","mucin"
"3067","mucky"
"3068","mucor"
"3069","mucus"
"3070","muddy"
"3071","mudra"
"3072","mufti"
"3073","muggy"
"3074","mugil"
"3075","mujik"
"3076","mulch"
"3077","mulct"
"3078","mulla"
"3079","mulwi"
"3080","mummy"
"3081","mumps"
"3082","munch"
"3083","munda"
"3084","munja"
"3085","munro"
"3086","mural"
"3087","murky"
"3088","murre"
"3089","musca"
"3090","musci"
"3091","muser"
"3092","musgu"
"3093","mushy"
"3094","music"
"3095","musky"
"3096","mussy"
"3097","musth"
"3098","musty"
"3099","muted"
"3100","muton"
"3101","muzzy"
"3102","mwera"
"3103","mylar"
"3104","mynah"
"3105","myoid"
"3106","myoma"
"3107","myope"
"3108","myrrh"
"3109","mysis"
"3110","nabob"
"3111","nacho"
"3112","nacre"
"3113","nadir"
"3114","nafta"
"3115","nafud"
"3116","nahum"
"3117","naiad"
"3118","naias"
"3119","naiki"
"3120","naira"
"3121","naive"
"3122","najas"
"3123","naked"
"3124","named"
"3125","namer"
"3126","names"
"3127","nammu"
"3128","namoi"
"3129","nampa"
"3130","namur"
"3131","nanak"
"3132","nance"
"3133","nancy"
"3134","nandu"
"3135","nanna"
"3136","nanny"
"3137","nanus"
"3138","naomi"
"3139","napea"
"3140","nappy"
"3141","naqua"
"3142","nardo"
"3143","naris"
"3144","nasal"
"3145","nasty"
"3146","nasua"
"3147","natal"
"3148","nates"
"3149","natta"
"3150","natty"
"3151","nauch"
"3152","nauru"
"3153","naval"
"3154","navel"
"3155","navvy"
"3156","nawab"
"3157","needs"
"3158","needy"
"3159","nefud"
"3160","negev"
"3161","negro"
"3162","negus"
"3163","nehru"
"3164","neigh"
"3165","nemea"
"3166","nepal"
"3167","nerva"
"3168","nerve"
"3169","nervi"
"3170","nervy"
"3171","never"
"3172","nevis"
"3173","nevus"
"3174","newel"
"3175","newly"
"3176","newsy"
"3177","nexus"
"3178","nguni"
"3179","ngwee"
"3180","nicad"
"3181","niche"
"3182","niddm"
"3183","nidus"
"3184","niece"
"3185","niffy"
"3186","nifty"
"3187","niger"
"3188","nigga"
"3189","night"
"3190","nigra"
"3191","nihau"
"3192","nihil"
"3193","nihon"
"3194","nimby"
"3195","niner"
"3196","ninib"
"3197","ninja"
"3198","ninny"
"3199","ninon"
"3200","ninth"
"3201","nintu"
"3202","niobe"
"3203","nippy"
"3204","niqab"
"3205","nisan"
"3206","nisus"
"3207","niter"
"3208","nitid"
"3209","nitre"
"3210","nixon"
"3211","njord"
"3212","nnrti"
"3213","nobel"
"3214","noble"
"3215","noemi"
"3216","nohow"
"3217","noise"
"3218","noisy"
"3219","nomad"
"3220","nomia"
"3221","nonce"
"3222","nones"
"3223","nooky"
"3224","noose"
"3225","nopal"
"3226","noreg"
"3227","norge"
"3228","noria"
"3229","norma"
"3230","norse"
"3231","north"
"3232","noruz"
"3233","nosed"
"3234","nosey"
"3235","notch"
"3236","noted"
"3237","novel"
"3238","noyes"
"3239","nsaid"
"3240","nubby"
"3241","nubia"
"3242","nucha"
"3243","nudge"
"3244","numen"
"3245","nurse"
"3246","nusku"
"3247","nutty"
"3248","nyala"
"3249","nylon"
"3250","nymph"
"3251","nyssa"
"3252","oaken"
"3253","oakum"
"3254","oasis"
"3255","oaten"
"3256","oates"
"3257","obeah"
"3258","obese"
"3259","occam"
"3260","occur"
"3261","ocean"
"3262","ocher"
"3263","ochna"
"3264","ochoa"
"3265","ochre"
"3266","octad"
"3267","octal"
"3268","octet"
"3269","oddly"
"3270","odesa"
"3271","odets"
"3272","odist"
"3273","odium"
"3274","odour"
"3275","offal"
"3276","offer"
"3277","often"
"3278","ogden"
"3279","ogive"
"3280","ogler"
"3281","ohmic"
"3282","oiled"
"3283","oiler"
"3284","okapi"
"3285","olden"
"3286","older"
"3287","oldie"
"3288","olein"
"3289","olive"
"3290","olmec"
"3291","ology"
"3292","omaha"
"3293","omani"
"3294","omega"
"3295","omiya"
"3296","onega"
"3297","onion"
"3298","onset"
"3299","oomph"
"3300","ootid"
"3301","opepe"
"3302","opera"
"3303","opine"
"3304","opium"
"3305","opsin"
"3306","optez"
"3307","optic"
"3308","orach"
"3309","orang"
"3310","orate"
"3311","orbit"
"3312","orcus"
"3313","orczy"
"3314","order"
"3315","oread"
"3316","organ"
"3317","oriel"
"3318","orion"
"3319","oriya"
"3320","orlon"
"3321","orlop"
"3322","ormer"
"3323","orono"
"3324","orpin"
"3325","orris"
"3326","oryza"
"3327","osage"
"3328","osaka"
"3329","oscan"
"3330","oscar"
"3331","osier"
"3332","other"
"3333","ottar"
"3334","otter"
"3335","ouija"
"3336","oujda"
"3337","ounce"
"3338","ousel"
"3339","outdo"
"3340","outer"
"3341","outgo"
"3342","outre"
"3343","ouzel"
"3344","ovary"
"3345","ovate"
"3346","overt"
"3347","ovine"
"3348","ovoid"
"3349","ovolo"
"3350","ovral"
"3351","ovule"
"3352","owens"
"3353","owing"
"3354","owlet"
"3355","owned"
"3356","owner"
"3357","oxbow"
"3358","oxeye"
"3359","oxide"
"3360","oxime"
"3361","oxlip"
"3362","ozawa"
"3363","ozena"
"3364","ozone"
"3365","pabir"
"3366","pacer"
"3367","pacha"
"3368","padda"
"3369","paddy"
"3370","padre"
"3371","padua"
"3372","paean"
"3373","pagad"
"3374","pagan"
"3375","pager"
"3376","paget"
"3377","paige"
"3378","paine"
"3379","pains"
"3380","paint"
"3381","paisa"
"3382","palas"
"3383","palau"
"3384","pally"
"3385","palmy"
"3386","palsy"
"3387","panax"
"3388","panda"
"3389","panel"
"3390","panga"
"3391","panic"
"3392","pansa"
"3393","pansy"
"3394","panto"
"3395","pants"
"3396","panty"
"3397","papal"
"3398","papaw"
"3399","paper"
"3400","papio"
"3401","pappa"
"3402","papua"
"3403","parch"
"3404","parer"
"3405","paris"
"3406","parji"
"3407","parka"
"3408","parks"
"3409","parky"
"3410","parry"
"3411","parse"
"3412","parsi"
"3413","parts"
"3414","party"
"3415","parus"
"3416","parve"
"3417","parvo"
"3418","pasch"
"3419","paseo"
"3420","pasha"
"3421","passe"
"3422","pasta"
"3423","paste"
"3424","pasto"
"3425","pasty"
"3426","patas"
"3427","patch"
"3428","pater"
"3429","patio"
"3430","patka"
"3431","paton"
"3432","patsy"
"3433","patty"
"3434","pauli"
"3435","pause"
"3436","pavan"
"3437","paved"
"3438","pavis"
"3439","pawer"
"3440","pawky"
"3441","paxil"
"3442","paxto"
"3443","payee"
"3444","payer"
"3445","pdflp"
"3446","peace"
"3447","peach"
"3448","peaky"
"3449","pearl"
"3450","peary"
"3451","peaty"
"3452","peavy"
"3453","pecan"
"3454","pecos"
"3455","pedal"
"3456","peeve"
"3457","pekan"
"3458","pekoe"
"3459","pelew"
"3460","penal"
"3461","pengo"
"3462","penis"
"3463","penne"
"3464","penni"
"3465","penny"
"3466","peony"
"3467","pepin"
"3468","peppy"
"3469","pepsi"
"3470","pepys"
"3471","perca"
"3472","perch"
"3473","percy"
"3474","peril"
"3475","perky"
"3476","peron"
"3477","perry"
"3478","perth"
"3479","pesah"
"3480","pesky"
"3481","pesto"
"3482","petal"
"3483","peter"
"3484","petty"
"3485","pewee"
"3486","pewit"
"3487","pfalz"
"3488","ph.d."
"3489","phage"
"3490","phase"
"3491","phial"
"3492","phlox"
"3493","phoca"
"3494","phone"
"3495","phony"
"3496","photo"
"3497","phyle"
"3498","physa"
"3499","piano"
"3500","picea"
"3501","pichi"
"3502","picky"
"3503","picot"
"3504","picul"
"3505","picus"
"3506","piece"
"3507","pieta"
"3508","piety"
"3509","piggy"
"3510","pigmy"
"3511","pilaf"
"3512","pilar"
"3513","pilau"
"3514","pilaw"
"3515","pilea"
"3516","piled"
"3517","piles"
"3518","pilot"
"3519","pilus"
"3520","pinch"
"3521","pinko"
"3522","pinky"
"3523","pinna"
"3524","pinny"
"3525","pinon"
"3526","pinot"
"3527","pinsk"
"3528","pinto"
"3529","pinus"
"3530","pious"
"3531","pipal"
"3532","piper"
"3533","pipet"
"3534","pipit"
"3535","pipra"
"3536","pipul"
"3537","pique"
"3538","piste"
"3539","pisum"
"3540","pitch"
"3541","pithy"
"3542","piton"
"3543","pitot"
"3544","pitta"
"3545","piute"
"3546","pivot"
"3547","pixel"
"3548","pixie"
"3549","pizza"
"3550","place"
"3551","plage"
"3552","plaid"
"3553","plain"
"3554","plait"
"3555","plane"
"3556","plank"
"3557","plano"
"3558","plant"
"3559","plash"
"3560","plasm"
"3561","plate"
"3562","plath"
"3563","plato"
"3564","platy"
"3565","plaza"
"3566","plead"
"3567","pleat"
"3568","plebe"
"3569","plica"
"3570","plier"
"3571","pliny"
"3572","ploce"
"3573","plonk"
"3574","pluck"
"3575","plumb"
"3576","plume"
"3577","plump"
"3578","plumy"
"3579","plunk"
"3580","plush"
"3581","pluto"
"3582","plyer"
"3583","plzen"
"3584","poach"
"3585","podgy"
"3586","poesy"
"3587","pogey"
"3588","pogge"
"3589","poilu"
"3590","point"
"3591","poise"
"3592","poker"
"3593","pokey"
"3594","polar"
"3595","poler"
"3596","polio"
"3597","polka"
"3598","polls"
"3599","polyp"
"3600","pommy"
"3601","ponca"
"3602","ponce"
"3603","pongo"
"3604","ponka"
"3605","pooch"
"3606","poove"
"3607","poppy"
"3608","porch"
"3609","porgy"
"3610","porno"
"3611","porta"
"3612","porte"
"3613","porto"
"3614","posed"
"3615","poser"
"3616","posit"
"3617","posse"
"3618","potos"
"3619","potto"
"3620","potty"
"3621","pouch"
"3622","pound"
"3623","power"
"3624","powys"
"3625","poyou"
"3626","praha"
"3627","praia"
"3628","prang"
"3629","prank"
"3630","prate"
"3631","prawn"
"3632","praya"
"3633","preen"
"3634","press"
"3635","prexy"
"3636","priam"
"3637","price"
"3638","prick"
"3639","pricy"
"3640","pride"
"3641","prima"
"3642","prime"
"3643","primo"
"3644","primp"
"3645","prink"
"3646","print"
"3647","prion"
"3648","prior"
"3649","prise"
"3650","prism"
"3651","privy"
"3652","prize"
"3653","probe"
"3654","prole"
"3655","prone"
"3656","prong"
"3657","pronk"
"3658","proof"
"3659","props"
"3660","prose"
"3661","prosy"
"3662","proto"
"3663","proud"
"3664","prove"
"3665","provo"
"3666","prowl"
"3667","proxy"
"3668","prude"
"3669","prune"
"3670","pruno"
"3671","psalm"
"3672","pseud"
"3673","psoas"
"3674","psyop"
"3675","ptyas"
"3676","pubes"
"3677","pubic"
"3678","pubis"
"3679","pucka"
"3680","pudge"
"3681","pudgy"
"3682","puffy"
"3683","pugin"
"3684","pukka"
"3685","pulex"
"3686","pulpy"
"3687","pulse"
"3688","punch"
"3689","punic"
"3690","punks"
"3691","punky"
"3692","pupal"
"3693","pupil"
"3694","puppy"
"3695","purau"
"3696","puree"
"3697","purge"
"3698","purim"
"3699","purse"
"3700","pursy"
"3701","purus"
"3702","pusan"
"3703","pusey"
"3704","pushy"
"3705","pusly"
"3706","pussy"
"3707","putin"
"3708","putty"
"3709","pydna"
"3710","pygmy"
"3711","pylon"
"3712","pyrex"
"3713","pyrus"
"3714","pyxie"
"3715","pyxis"
"3716","qaeda"
"3717","qatar"
"3718","qepiq"
"3719","qiang"
"3720","qibla"
"3721","quack"
"3722","quaff"
"3723","quail"
"3724","quake"
"3725","qualm"
"3726","quark"
"3727","quart"
"3728","quash"
"3729","quasi"
"3730","queen"
"3731","queer"
"3732","quell"
"3733","quern"
"3734","query"
"3735","quest"
"3736","queue"
"3737","quick"
"3738","quiet"
"3739","quiff"
"3740","quill"
"3741","quilt"
"3742","quine"
"3743","quint"
"3744","quipu"
"3745","quira"
"3746","quire"
"3747","quirk"
"3748","quirt"
"3749","quite"
"3750","quito"
"3751","quits"
"3752","quoin"
"3753","quoit"
"3754","quota"
"3755","quote"
"3756","quran"
"3757","rabat"
"3758","rabbi"
"3759","rabid"
"3760","racer"
"3761","racon"
"3762","radar"
"3763","radio"
"3764","radix"
"3765","radon"
"3766","rafts"
"3767","ragee"
"3768","rails"
"3769","rainy"
"3770","raise"
"3771","raita"
"3772","rajab"
"3773","rajah"
"3774","rally"
"3775","ramee"
"3776","ramie"
"3777","ramus"
"3778","ranch"
"3779","randy"
"3780","ranee"
"3781","range"
"3782","rangy"
"3783","ranid"
"3784","raped"
"3785","raper"
"3786","raphe"
"3787","rapid"
"3788","rasht"
"3789","raspy"
"3790","rasta"
"3791","ratan"
"3792","ratch"
"3793","ratel"
"3794","rates"
"3795","ratio"
"3796","ratty"
"3797","ravel"
"3798","raven"
"3799","raver"
"3800","rayon"
"3801","razed"
"3802","razor"
"3803","reach"
"3804","react"
"3805","ready"
"3806","realm"
"3807","rearm"
"3808","reata"
"3809","reave"
"3810","rebel"
"3811","rebus"
"3812","rebut"
"3813","recap"
"3814","recce"
"3815","recco"
"3816","reccy"
"3817","recto"
"3818","recur"
"3819","redox"
"3820","redux"
"3821","reedy"
"3822","reefy"
"3823","reeve"
"3824","refer"
"3825","refit"
"3826","regal"
"3827","regur"
"3828","reich"
"3829","reify"
"3830","reign"
"3831","reims"
"3832","rejig"
"3833","relax"
"3834","relay"
"3835","relic"
"3836","remit"
"3837","remus"
"3838","renal"
"3839","renew"
"3840","renin"
"3841","rente"
"3842","repay"
"3843","repel"
"3844","reply"
"3845","repot"
"3846","rerun"
"3847","reset"
"3848","resew"
"3849","resht"
"3850","resid"
"3851","resin"
"3852","retch"
"3853","retem"
"3854","retie"
"3855","retro"
"3856","retry"
"3857","reuse"
"3858","revel"
"3859","revet"
"3860","revue"
"3861","reyes"
"3862","rhein"
"3863","rheum"
"3864","rhine"
"3865","rhino"
"3866","rhomb"
"3867","rhone"
"3868","rhumb"
"3869","rhyme"
"3870","riant"
"3871","riata"
"3872","ribes"
"3873","ricer"
"3874","ricin"
"3875","rider"
"3876","ridge"
"3877","rifle"
"3878","rigel"
"3879","right"
"3880","rigid"
"3881","rigil"
"3882","rigor"
"3883","riled"
"3884","riley"
"3885","rilke"
"3886","rimed"
"3887","rings"
"3888","rinse"
"3889","rioja"
"3890","ripen"
"3891","risen"
"3892","riser"
"3893","risky"
"3894","rissa"
"3895","ritzy"
"3896","rival"
"3897","river"
"3898","rivet"
"3899","riyal"
"3900","rnase"
"3901","roach"
"3902","roads"
"3903","roast"
"3904","robed"
"3905","robin"
"3906","roble"
"3907","robot"
"3908","rocky"
"3909","rodeo"
"3910","rodin"
"3911","roget"
"3912","rogue"
"3913","roily"
"3914","rollo"
"3915","roman"
"3916","romeo"
"3917","rondo"
"3918","roneo"
"3919","roofy"
"3920","rooms"
"3921","roomy"
"3922","roost"
"3923","roots"
"3924","roper"
"3925","ropey"
"3926","rophy"
"3927","rosin"
"3928","rotor"
"3929","rouge"
"3930","rough"
"3931","round"
"3932","rouse"
"3933","route"
"3934","rover"
"3935","rowan"
"3936","rowdy"
"3937","rowel"
"3938","rower"
"3939","royal"
"3940","rubel"
"3941","rubia"
"3942","ruble"
"3943","rubor"
"3944","rubus"
"3945","ruddy"
"3946","rudra"
"3947","rugby"
"3948","ruled"
"3949","ruler"
"3950","rumba"
"3951","rumen"
"3952","rumex"
"3953","rummy"
"3954","rumor"
"3955","runch"
"3956","runic"
"3957","runny"
"3958","runty"
"3959","runup"
"3960","rupee"
"3961","rural"
"3962","rushy"
"3963","rusty"
"3964","rutty"
"3965","saale"
"3966","saame"
"3967","saami"
"3968","sabah"
"3969","sabal"
"3970","saber"
"3971","sabin"
"3972","sable"
"3973","sabot"
"3974","sabra"
"3975","sabre"
"3976","sacco"
"3977","sadat"
"3978","sadhe"
"3979","sadhu"
"3980","sadly"
"3981","safar"
"3982","sahib"
"3983","saida"
"3984","saiga"
"3985","saint"
"3986","sakti"
"3987","salad"
"3988","salah"
"3989","salai"
"3990","salal"
"3991","salat"
"3992","salem"
"3993","sales"
"3994","salim"
"3995","salix"
"3996","sally"
"3997","salmi"
"3998","salmo"
"3999","salol"
"4000","salon"
"4001","salpa"
"4002","salsa"
"4003","salty"
"4004","salve"
"4005","salvo"
"4006","saman"
"4007","samba"
"4008","samia"
"4009","samoa"
"4010","sanaa"
"4011","sands"
"4012","sandy"
"4013","sango"
"4014","santa"
"4015","saone"
"4016","sapid"
"4017","sapir"
"4018","sappy"
"4019","sarah"
"4020","saran"
"4021","sarda"
"4022","saree"
"4023","sarin"
"4024","sassy"
"4025","satan"
"4026","sated"
"4027","satie"
"4028","satin"
"4029","satyr"
"4030","sauce"
"4031","saucy"
"4032","saudi"
"4033","sauna"
"4034","saury"
"4035","saute"
"4036","saved"
"4037","saver"
"4038","savin"
"4039","savor"
"4040","savoy"
"4041","savvy"
"4042","sawan"
"4043","saxon"
"4044","sayda"
"4045","scads"
"4046","scald"
"4047","scale"
"4048","scalp"
"4049","scaly"
"4050","scamp"
"4051","scant"
"4052","scape"
"4053","scare"
"4054","scarf"
"4055","scarp"
"4056","scary"
"4057","scaup"
"4058","scend"
"4059","scene"
"4060","scent"
"4061","schmo"
"4062","schwa"
"4063","scion"
"4064","scoff"
"4065","scoke"
"4066","scold"
"4067","scone"
"4068","scoop"
"4069","scoot"
"4070","scope"
"4071","score"
"4072","scorn"
"4073","scots"
"4074","scott"
"4075","scour"
"4076","scout"
"4077","scowl"
"4078","scrag"
"4079","scram"
"4080","scrap"
"4081","scree"
"4082","screw"
"4083","scrim"
"4084","scrip"
"4085","scrod"
"4086","scrub"
"4087","scrum"
"4088","scuba"
"4089","scuff"
"4090","scull"
"4091","scurf"
"4092","scute"
"4093","seamy"
"4094","seats"
"4095","sebum"
"4096","sedan"
"4097","seder"
"4098","sedge"
"4099","sedgy"
"4100","sedna"
"4101","sedum"
"4102","seedy"
"4103","segal"
"4104","segno"
"4105","segue"
"4106","seine"
"4107","seism"
"4108","seize"
"4109","selar"
"4110","seles"
"4111","selma"
"4112","selva"
"4113","semen"
"4114","senna"
"4115","senor"
"4116","sense"
"4117","sente"
"4118","seoul"
"4119","sepal"
"4120","sepia"
"4121","serax"
"4122","serer"
"4123","serge"
"4124","serif"
"4125","serin"
"4126","serow"
"4127","serra"
"4128","serum"
"4129","serve"
"4130","servo"
"4131","seton"
"4132","setup"
"4133","seven"
"4134","sever"
"4135","sewed"
"4136","sewer"
"4137","sexed"
"4138","shabu"
"4139","shack"
"4140","shade"
"4141","shady"
"4142","shaft"
"4143","shahn"
"4144","shake"
"4145","shako"
"4146","shaky"
"4147","shale"
"4148","shame"
"4149","shang"
"4150","shank"
"4151","shape"
"4152","shard"
"4153","share"
"4154","shari"
"4155","shark"
"4156","sharp"
"4157","shave"
"4158","shawl"
"4159","shawm"
"4160","shawn"
"4161","sheaf"
"4162","shear"
"4163","sheen"
"4164","sheep"
"4165","sheer"
"4166","sheet"
"4167","sheik"
"4168","shelf"
"4169","shell"
"4170","shema"
"4171","sherd"
"4172","shiah"
"4173","shift"
"4174","shill"
"4175","shina"
"4176","shine"
"4177","shiny"
"4178","shire"
"4179","shirk"
"4180","shirr"
"4181","shirt"
"4182","shiva"
"4183","shlep"
"4184","shoal"
"4185","shoat"
"4186","shock"
"4187","shoed"
"4188","shoes"
"4189","shogi"
"4190","shoji"
"4191","shona"
"4192","shook"
"4193","shoot"
"4194","shore"
"4195","shorn"
"4196","short"
"4197","shote"
"4198","shout"
"4199","shove"
"4200","showy"
"4201","shred"
"4202","shrew"
"4203","shrub"
"4204","shrug"
"4205","shtik"
"4206","shtup"
"4207","shuck"
"4208","shuha"
"4209","shunt"
"4210","shush"
"4211","shute"
"4212","shyly"
"4213","sibyl"
"4214","sidle"
"4215","sidon"
"4216","siege"
"4217","sieve"
"4218","sigeh"
"4219","sight"
"4220","sigma"
"4221","sigyn"
"4222","silex"
"4223","silks"
"4224","silky"
"4225","sills"
"4226","silly"
"4227","silty"
"4228","silva"
"4229","simal"
"4230","simon"
"4231","sinai"
"4232","sinew"
"4233","singe"
"4234","sinus"
"4235","sioux"
"4236","siren"
"4237","siris"
"4238","sirup"
"4239","sisal"
"4240","sison"
"4241","sissu"
"4242","sissy"
"4243","sitar"
"4244","sitka"
"4245","sitta"
"4246","sivan"
"4247","siwan"
"4248","sixer"
"4249","sixth"
"4250","sixty"
"4251","sized"
"4252","skank"
"4253","skate"
"4254","skeat"
"4255","skeet"
"4256","skein"
"4257","skier"
"4258","skiff"
"4259","skill"
"4260","skimp"
"4261","skink"
"4262","skint"
"4263","skirl"
"4264","skirt"
"4265","skive"
"4266","skuld"
"4267","skulk"
"4268","skull"
"4269","skunk"
"4270","slack"
"4271","slain"
"4272","slake"
"4273","slang"
"4274","slant"
"4275","slash"
"4276","slask"
"4277","slate"
"4278","slaty"
"4279","slave"
"4280","sleek"
"4281","sleep"
"4282","sleet"
"4283","slews"
"4284","slice"
"4285","slick"
"4286","slide"
"4287","slime"
"4288","slimy"
"4289","sling"
"4290","slink"
"4291","sloop"
"4292","slope"
"4293","slops"
"4294","slosh"
"4295","sloth"
"4296","slump"
"4297","slurp"
"4298","slush"
"4299","slyly"
"4300","smack"
"4301","small"
"4302","smarm"
"4303","smart"
"4304","smash"
"4305","smear"
"4306","smell"
"4307","smelt"
"4308","smile"
"4309","smilo"
"4310","smirk"
"4311","smite"
"4312","smith"
"4313","smock"
"4314","smoke"
"4315","smoky"
"4316","smuts"
"4317","snack"
"4318","snafu"
"4319","snail"
"4320","snake"
"4321","snaky"
"4322","snare"
"4323","snarf"
"4324","snarl"
"4325","snead"
"4326","sneak"
"4327","sneer"
"4328","snick"
"4329","snide"
"4330","sniff"
"4331","snipe"
"4332","snips"
"4333","snood"
"4334","snook"
"4335","snoop"
"4336","snoot"
"4337","snore"
"4338","snort"
"4339","snout"
"4340","snowy"
"4341","snuff"
"4342","soapy"
"4343","soave"
"4344","sober"
"4345","socle"
"4346","soddy"
"4347","sodom"
"4348","sofia"
"4349","softy"
"4350","soggy"
"4351","solan"
"4352","solar"
"4353","solea"
"4354","soled"
"4355","solfa"
"4356","solid"
"4357","solon"
"4358","solve"
"4359","soman"
"4360","somme"
"4361","sonar"
"4362","sonic"
"4363","sonny"
"4364","sonsy"
"4365","sooth"
"4366","sooty"
"4367","sopor"
"4368","soppy"
"4369","sorex"
"4370","sorgo"
"4371","sorry"
"4372","sorus"
"4373","sotho"
"4374","sough"
"4375","sound"
"4376","soupy"
"4377","sousa"
"4378","souse"
"4379","south"
"4380","sower"
"4381","space"
"4382","spacy"
"4383","spade"
"4384","spain"
"4385","spall"
"4386","spang"
"4387","spank"
"4388","spare"
"4389","spark"
"4390","spasm"
"4391","spate"
"4392","spawl"
"4393","spawn"
"4394","speak"
"4395","spear"
"4396","speck"
"4397","specs"
"4398","speed"
"4399","speer"
"4400","speke"
"4401","spell"
"4402","spelt"
"4403","spend"
"4404","spent"
"4405","sperm"
"4406","spica"
"4407","spice"
"4408","spick"
"4409","spicy"
"4410","spiel"
"4411","spiff"
"4412","spike"
"4413","spiky"
"4414","spile"
"4415","spill"
"4416","spine"
"4417","spiny"
"4418","spire"
"4419","spirt"
"4420","spite"
"4421","spitz"
"4422","splat"
"4423","splay"
"4424","split"
"4425","spock"
"4426","spode"
"4427","spoil"
"4428","spoke"
"4429","spoof"
"4430","spook"
"4431","spool"
"4432","spoon"
"4433","spoor"
"4434","spore"
"4435","spork"
"4436","sport"
"4437","spots"
"4438","spout"
"4439","sprag"
"4440","sprat"
"4441","spray"
"4442","spree"
"4443","sprig"
"4444","sprit"
"4445","sprog"
"4446","sprue"
"4447","spume"
"4448","spumy"
"4449","spunk"
"4450","spurn"
"4451","spurt"
"4452","squab"
"4453","squad"
"4454","squat"
"4455","squaw"
"4456","squib"
"4457","squid"
"4458","stack"
"4459","stael"
"4460","staff"
"4461","stage"
"4462","stagy"
"4463","staid"
"4464","stain"
"4465","stair"
"4466","stake"
"4467","stale"
"4468","stalk"
"4469","stall"
"4470","stamp"
"4471","stand"
"4472","staph"
"4473","stare"
"4474","stark"
"4475","starr"
"4476","start"
"4477","stash"
"4478","state"
"4479","stave"
"4480","stays"
"4481","stead"
"4482","steak"
"4483","steal"
"4484","steam"
"4485","steed"
"4486","steel"
"4487","steen"
"4488","steep"
"4489","steer"
"4490","stein"
"4491","stela"
"4492","stele"
"4493","stent"
"4494","steps"
"4495","stern"
"4496","stick"
"4497","stiff"
"4498","stile"
"4499","still"
"4500","stilt"
"4501","sting"
"4502","stink"
"4503","stint"
"4504","stipe"
"4505","stirk"
"4506","stoat"
"4507","stock"
"4508","stoep"
"4509","stogy"
"4510","stoic"
"4511","stoke"
"4512","stole"
"4513","stoma"
"4514","stomp"
"4515","stone"
"4516","stony"
"4517","stool"
"4518","stoop"
"4519","stops"
"4520","store"
"4521","stork"
"4522","storm"
"4523","story"
"4524","stoup"
"4525","stout"
"4526","stove"
"4527","stowe"
"4528","strad"
"4529","strap"
"4530","straw"
"4531","stray"
"4532","strep"
"4533","strew"
"4534","stria"
"4535","strip"
"4536","strix"
"4537","strop"
"4538","strum"
"4539","strut"
"4540","stuck"
"4541","study"
"4542","stuff"
"4543","stump"
"4544","stung"
"4545","stunt"
"4546","stupa"
"4547","stupe"
"4548","style"
"4549","stymy"
"4550","suave"
"4551","sucre"
"4552","sudan"
"4553","sudor"
"4554","sudra"
"4555","sudsy"
"4556","suede"
"4557","suety"
"4558","sugar"
"4559","suite"
"4560","sukur"
"4561","sulfa"
"4562","sulky"
"4563","sulla"
"4564","sully"
"4565","sumac"
"4566","sumer"
"4567","sunna"
"4568","sunni"
"4569","sunny"
"4570","sunup"
"4571","suomi"
"4572","super"
"4573","supra"
"4574","surge"
"4575","surly"
"4576","surya"
"4577","susah"
"4578","sushi"
"4579","sutra"
"4580","swage"
"4581","swain"
"4582","swale"
"4583","swami"
"4584","swamp"
"4585","swank"
"4586","sward"
"4587","swarm"
"4588","swart"
"4589","swash"
"4590","swath"
"4591","swazi"
"4592","swear"
"4593","sweat"
"4594","swede"
"4595","sweep"
"4596","sweet"
"4597","swell"
"4598","swept"
"4599","swift"
"4600","swill"
"4601","swine"
"4602","swing"
"4603","swipe"
"4604","swirl"
"4605","swish"
"4606","swiss"
"4607","swoon"
"4608","swoop"
"4609","sword"
"4610","sworn"
"4611","swosh"
"4612","sylph"
"4613","sylva"
"4614","synge"
"4615","synod"
"4616","syria"
"4617","syrup"
"4618","szell"
"4619","tabby"
"4620","tabes"
"4621","tabis"
"4622","table"
"4623","taboo"
"4624","tabor"
"4625","tabuk"
"4626","tabun"
"4627","tacca"
"4628","tacit"
"4629","tacky"
"4630","taegu"
"4631","taffy"
"4632","tagus"
"4633","tails"
"4634","taint"
"4635","taira"
"4636","tajik"
"4637","taken"
"4638","taker"
"4639","takin"
"4640","talks"
"4641","talky"
"4642","tally"
"4643","talon"
"4644","talus"
"4645","tamed"
"4646","tamer"
"4647","tamil"
"4648","tammy"
"4649","tampa"
"4650","tamus"
"4651","tandy"
"4652","taney"
"4653","tanga"
"4654","tange"
"4655","tango"
"4656","tangy"
"4657","tanka"
"4658","tansy"
"4659","taped"
"4660","taper"
"4661","tapir"
"4662","tapis"
"4663","tappa"
"4664","tardy"
"4665","tarot"
"4666","tarry"
"4667","tartu"
"4668","tasse"
"4669","tasso"
"4670","taste"
"4671","tasty"
"4672","tatar"
"4673","tater"
"4674","tatou"
"4675","tatty"
"4676","tatum"
"4677","taunt"
"4678","tauon"
"4679","taupe"
"4680","tawny"
"4681","tawse"
"4682","taxer"
"4683","taxis"
"4684","taxon"
"4685","taxus"
"4686","tayra"
"4687","tchad"
"4688","teach"
"4689","tears"
"4690","teary"
"4691","tease"
"4692","tebet"
"4693","techy"
"4694","teddy"
"4695","teens"
"4696","teeny"
"4697","teeth"
"4698","teiid"
"4699","tekki"
"4700","telco"
"4701","telex"
"4702","telly"
"4703","tempo"
"4704","tempt"
"4705","tench"
"4706","tenet"
"4707","tenge"
"4708","tenia"
"4709","tenno"
"4710","tenon"
"4711","tenor"
"4712","tense"
"4713","tenth"
"4714","tepal"
"4715","tepee"
"4716","tepic"
"4717","tepid"
"4718","teras"
"4719","terce"
"4720","teres"
"4721","terms"
"4722","terry"
"4723","terse"
"4724","tesla"
"4725","testa"
"4726","testy"
"4727","teton"
"4728","tetra"
"4729","tetri"
"4730","tevet"
"4731","texan"
"4732","texas"
"4733","thane"
"4734","thank"
"4735","tharp"
"4736","thebe"
"4737","theca"
"4738","theft"
"4739","theia"
"4740","theme"
"4741","there"
"4742","therm"
"4743","theta"
"4744","thick"
"4745","thief"
"4746","thigh"
"4747","thill"
"4748","thing"
"4749","think"
"4750","third"
"4751","thole"
"4752","thong"
"4753","thorn"
"4754","thoth"
"4755","three"
"4756","thrip"
"4757","throb"
"4758","throe"
"4759","throw"
"4760","thrum"
"4761","thuja"
"4762","thule"
"4763","thumb"
"4764","thump"
"4765","thunk"
"4766","thyme"
"4767","tiara"
"4768","tiber"
"4769","tibet"
"4770","tibia"
"4771","tibur"
"4772","tical"
"4773","tidal"
"4774","tiger"
"4775","tight"
"4776","tigon"
"4777","tilde"
"4778","tiled"
"4779","tiler"
"4780","tilia"
"4781","tilth"
"4782","timed"
"4783","timer"
"4784","times"
"4785","timid"
"4786","timor"
"4787","timur"
"4788","tinca"
"4789","tinct"
"4790","tinea"
"4791","tined"
"4792","tinge"
"4793","tinny"
"4794","tippy"
"4795","tipsy"
"4796","tired"
"4797","tirol"
"4798","titan"
"4799","titer"
"4800","tithe"
"4801","title"
"4802","titre"
"4803","titty"
"4804","titus"
"4805","tiyin"
"4806","tizzy"
"4807","toady"
"4808","toast"
"4809","tobey"
"4810","tobin"
"4811","tobit"
"4812","today"
"4813","toddy"
"4814","todea"
"4815","todus"
"4816","toffy"
"4817","tokay"
"4818","token"
"4819","tokio"
"4820","tokyo"
"4821","tonal"
"4822","toned"
"4823","toner"
"4824","tonga"
"4825","tongs"
"4826","tonic"
"4827","tonne"
"4828","tonus"
"4829","toona"
"4830","tooth"
"4831","topaz"
"4832","topee"
"4833","toper"
"4834","topic"
"4835","topos"
"4836","toque"
"4837","torah"
"4838","torch"
"4839","torsk"
"4840","torso"
"4841","torte"
"4842","torus"
"4843","total"
"4844","totem"
"4845","toter"
"4846","touch"
"4847","tough"
"4848","toupe"
"4849","tours"
"4850","towel"
"4851","tower"
"4852","towny"
"4853","toxic"
"4854","toxin"
"4855","toyon"
"4856","trace"
"4857","track"
"4858","tract"
"4859","tracy"
"4860","trade"
"4861","trail"
"4862","train"
"4863","trait"
"4864","tramp"
"4865","trapa"
"4866","trash"
"4867","trave"
"4868","trawl"
"4869","tread"
"4870","treat"
"4871","treed"
"4872","trema"
"4873","trend"
"4874","trent"
"4875","tress"
"4876","trews"
"4877","triad"
"4878","trial"
"4879","tribe"
"4880","trice"
"4881","trick"
"4882","tried"
"4883","trier"
"4884","triga"
"4885","trike"
"4886","trill"
"4887","trine"
"4888","tripe"
"4889","trite"
"4890","troat"
"4891","troll"
"4892","troop"
"4893","trope"
"4894","troth"
"4895","trout"
"4896","trove"
"4897","truce"
"4898","truck"
"4899","truly"
"4900","trump"
"4901","trunk"
"4902","truss"
"4903","trust"
"4904","truth"
"4905","tryst"
"4906","tsine"
"4907","tsuga"
"4908","tubal"
"4909","tubby"
"4910","tubed"
"4911","tuber"
"4912","tudor"
"4913","tulip"
"4914","tulle"
"4915","tully"
"4916","tulsa"
"4917","tumid"
"4918","tummy"
"4919","tumor"
"4920","tuned"
"4921","tuner"
"4922","tunga"
"4923","tunic"
"4924","tunis"
"4925","tunny"
"4926","tupek"
"4927","tupik"
"4928","turin"
"4929","turki"
"4930","turps"
"4931","tutee"
"4932","tutor"
"4933","tutsi"
"4934","twain"
"4935","twang"
"4936","tweak"
"4937","tweed"
"4938","tweet"
"4939","twerp"
"4940","twice"
"4941","twill"
"4942","twine"
"4943","twins"
"4944","twirl"
"4945","twirp"
"4946","twist"
"4947","tyche"
"4948","tying"
"4949","tyiyn"
"4950","tyler"
"4951","typed"
"4952","typha"
"4953","typic"
"4954","tyrol"
"4955","tyson"
"4956","tzara"
"4957","ubykh"
"4958","udder"
"4959","ugric"
"4960","uigur"
"4961","ukase"
"4962","ulama"
"4963","ulcer"
"4964","ulema"
"4965","ulmus"
"4966","ulnar"
"4967","ultra"
"4968","umbel"
"4969","umber"
"4970","umbra"
"4971","ummah"
"4972","unarm"
"4973","unary"
"4974","unbar"
"4975","unbox"
"4976","uncle"
"4977","uncus"
"4978","uncut"
"4979","under"
"4980","undue"
"4981","unfed"
"4982","unfit"
"4983","uniat"
"4984","unify"
"4985","union"
"4986","unite"
"4987","unity"
"4988","unlax"
"4989","unlit"
"4990","unman"
"4991","unpin"
"4992","unsay"
"4993","unsex"
"4994","untie"
"4995","unwed"
"4996","unzip"
"4997","upend"
"4998","upper"
"4999","upset"
"5000","upupa"
"5001","urals"
"5002","urate"
"5003","urban"
"5004","uriah"
"5005","urial"
"5006","urine"
"5007","urmia"
"5008","ursus"
"5009","usage"
"5010","usbeg"
"5011","usbek"
"5012","ushas"
"5013","usher"
"5014","using"
"5015","uskub"
"5016","usnea"
"5017","usual"
"5018","usuli"
"5019","usurp"
"5020","usury"
"5021","utica"
"5022","utile"
"5023","utter"
"5024","uveal"
"5025","uvula"
"5026","uygur"
"5027","uzbak"
"5028","uzbeg"
"5029","uzbek"
"5030","vaduz"
"5031","vagal"
"5032","vague"
"5033","vagus"
"5034","vajra"
"5035","valet"
"5036","valid"
"5037","valmy"
"5038","valor"
"5039","valse"
"5040","value"
"5041","valve"
"5042","vanda"
"5043","vaned"
"5044","vanir"
"5045","vapid"
"5046","vapor"
"5047","varan"
"5048","varix"
"5049","varna"
"5050","varro"
"5051","vatic"
"5052","vault"
"5053","vaunt"
"5054","vedic"
"5055","veery"
"5056","vegan"
"5057","velar"
"5058","veldt"
"5059","velum"
"5060","venal"
"5061","venom"
"5062","venue"
"5063","venus"
"5064","vepse"
"5065","verdi"
"5066","verge"
"5067","verne"
"5068","verpa"
"5069","verse"
"5070","verso"
"5071","verst"
"5072","vertu"
"5073","verve"
"5074","vesey"
"5075","vespa"
"5076","vesta"
"5077","vetch"
"5078","vexed"
"5079","vexer"
"5080","viand"
"5081","vibes"
"5082","vicar"
"5083","vichy"
"5084","vicia"
"5085","vidal"
"5086","vidar"
"5087","video"
"5088","vidua"
"5089","vigil"
"5090","vigna"
"5091","vigor"
"5092","villa"
"5093","vilna"
"5094","vilno"
"5095","vinca"
"5096","vinyl"
"5097","viola"
"5098","vioxx"
"5099","viper"
"5100","viral"
"5101","vireo"
"5102","virga"
"5103","virgo"
"5104","virtu"
"5105","virus"
"5106","visit"
"5107","visor"
"5108","vista"
"5109","vital"
"5110","vitis"
"5111","vitus"
"5112","vivid"
"5113","vixen"
"5114","vizla"
"5115","vizor"
"5116","vocal"
"5117","vodka"
"5118","vogue"
"5119","vogul"
"5120","voice"
"5121","voile"
"5122","volar"
"5123","volga"
"5124","volta"
"5125","volva"
"5126","vomer"
"5127","vomit"
"5128","voter"
"5129","vouch"
"5130","vouge"
"5131","vowel"
"5132","vower"
"5133","vroom"
"5134","vulva"
"5135","wacko"
"5136","wacky"
"5137","wader"
"5138","wafer"
"5139","wager"
"5140","wages"
"5141","wagon"
"5142","wahoo"
"5143","waist"
"5144","waite"
"5145","waive"
"5146","wajda"
"5147","waken"
"5148","waker"
"5149","wales"
"5150","wally"
"5151","waltz"
"5152","warji"
"5153","warty"
"5154","washy"
"5155","waste"
"5156","watch"
"5157","water"
"5158","watts"
"5159","waugh"
"5160","waver"
"5161","waxed"
"5162","waxen"
"5163","wayne"
"5164","weald"
"5165","weary"
"5166","weave"
"5167","webby"
"5168","weber"
"5169","wedel"
"5170","wedge"
"5171","weeds"
"5172","weedy"
"5173","weeny"
"5174","weepy"
"5175","weigh"
"5176","weill"
"5177","weird"
"5178","wells"
"5179","welsh"
"5180","welty"
"5181","wench"
"5182","weser"
"5183","whack"
"5184","whale"
"5185","whang"
"5186","wharf"
"5187","wheal"
"5188","wheat"
"5189","wheel"
"5190","whelk"
"5191","whelm"
"5192","whelp"
"5193","whiff"
"5194","while"
"5195","whine"
"5196","whiny"
"5197","whirl"
"5198","whirr"
"5199","whish"
"5200","whisk"
"5201","whist"
"5202","white"
"5203","whizz"
"5204","whole"
"5205","whomp"
"5206","whoop"
"5207","whore"
"5208","whorl"
"5209","wicca"
"5210","widen"
"5211","widow"
"5212","width"
"5213","wield"
"5214","wight"
"5215","wilde"
"5216","wilno"
"5217","wimpy"
"5218","wince"
"5219","winch"
"5220","windy"
"5221","winey"
"5222","wings"
"5223","wiper"
"5224","wired"
"5225","wirer"
"5226","wispy"
"5227","witch"
"5228","withe"
"5229","withy"
"5230","witty"
"5231","wizen"
"5232","wodan"
"5233","woden"
"5234","wolfe"
"5235","wolff"
"5236","wolof"
"5237","woman"
"5238","wonky"
"5239","woods"
"5240","woody"
"5241","wooer"
"5242","woolf"
"5243","wooly"
"5244","woosh"
"5245","woozy"
"5246","words"
"5247","wordy"
"5248","works"
"5249","world"
"5250","wormy"
"5251","worry"
"5252","worse"
"5253","worst"
"5254","worth"
"5255","wotan"
"5256","wound"
"5257","woven"
"5258","wrack"
"5259","wrath"
"5260","wrawl"
"5261","wreak"
"5262","wreck"
"5263","wrest"
"5264","wrick"
"5265","wring"
"5266","wrist"
"5267","write"
"5268","wrong"
"5269","wroth"
"5270","wuhan"
"5271","wyatt"
"5272","wyeth"
"5273","wyler"
"5274","wylie"
"5275","xanax"
"5276","xciii"
"5277","xcvii"
"5278","xenon"
"5279","xeric"
"5280","xerox"
"5281","xhosa"
"5282","xliii"
"5283","xlvii"
"5284","xviii"
"5285","xxiii"
"5286","xxvii"
"5287","xxxii"
"5288","xxxiv"
"5289","xxxvi"
"5290","xylem"
"5291","xylol"
"5292","xyris"
"5293","yacca"
"5294","yacht"
"5295","yahoo"
"5296","yahve"
"5297","yahwe"
"5298","yakut"
"5299","yalta"
"5300","yanan"
"5301","yazoo"
"5302","yearn"
"5303","years"
"5304","yeast"
"5305","yeats"
"5306","yeddo"
"5307","yemen"
"5308","yenta"
"5309","yield"
"5310","yobbo"
"5311","yodel"
"5312","yogic"
"5313","yokel"
"5314","young"
"5315","youth"
"5316","ypres"
"5317","yquem"
"5318","yucca"
"5319","yucky"
"5320","yukon"
"5321","yuman"
"5322","yummy"
"5323","zaire"
"5324","zakat"
"5325","zaman"
"5326","zamia"
"5327","zapus"
"5328","zaria"
"5329","zarqa"
"5330","zayin"
"5331","zebra"
"5332","zeppo"
"5333","zesty"
"5334","zilch"
"5335","zippo"
"5336","zippy"
"5337","zloty"
"5338","zocor"
"5339","zomba"
"5340","zombi"
"5341","zonal"
"5342","zooid"
"5343","zoril"
"5344","zweig"
